bed_setting_json,case_dir,dataset,distribution,generator_dataset_label,icu_capacity_max,icu_capacity_max_multiplier_vs_nominal,icu_capacity_mean,icu_capacity_mean_multiplier_vs_nominal,icu_capacity_min,icu_capacity_min_multiplier_vs_nominal,icu_capacity_profile_json,initial_icu_occupancy_rate,initial_icu_patient_count,initial_icu_ready_patient_count,initial_ward_occupancy_rate,initial_ward_patient_count,n,observed_ready_fraction_among_initial_icu,publication_scenario_note,ready_fraction_among_icu,scenario,seed,ward_capacity_max,ward_capacity_max_multiplier_vs_nominal,ward_capacity_mean,ward_capacity_mean_multiplier_vs_nominal,ward_capacity_min,ward_capacity_min_multiplier_vs_nominal,ward_capacity_profile_json
"[8, 6]",german_publication_batch_instances\nominal\case_50_seed7,GermanOR,lognormal,case,8.0,1.0,7.428571428571429,1.0,6.0,1.0,{},0.8,6,3,0.9,7,50,0.5,,0.5,nominal,7,8.0,1.0,7.428571428571429,1.0,6.0,1.0,{}
"[8, 6]",german_publication_batch_instances\nominal\case_50_seed11,GermanOR,lognormal,case,8.0,1.0,7.428571428571429,1.0,6.0,1.0,{},0.8,6,3,0.9,7,50,0.5,,0.5,nominal,11,8.0,1.0,7.428571428571429,1.0,6.0,1.0,{}
"[8, 6]",german_publication_batch_instances\nominal\case_50_seed19,GermanOR,lognormal,case,8.0,1.0,7.428571428571429,1.0,6.0,1.0,{},0.8,6,2,0.9,7,50,0.3333333333333333,,0.5,nominal,19,8.0,1.0,7.428571428571429,1.0,6.0,1.0,{}
"[8, 6]",german_publication_batch_instances\nominal\case_50_seed23,GermanOR,lognormal,case,8.0,1.0,7.428571428571429,1.0,6.0,1.0,{},0.8,6,4,0.9,7,50,0.6666666666666666,,0.5,nominal,23,8.0,1.0,7.428571428571429,1.0,6.0,1.0,{}
"[8, 6]",german_publication_batch_instances\nominal\case_50_seed29,GermanOR,lognormal,case,8.0,1.0,7.428571428571429,1.0,6.0,1.0,{},0.8,6,2,0.9,7,50,0.3333333333333333,,0.5,nominal,29,8.0,1.0,7.428571428571429,1.0,6.0,1.0,{}
"[8, 6]",german_publication_batch_instances\nominal\case_50_seed31,GermanOR,lognormal,case,8.0,1.0,7.428571428571429,1.0,6.0,1.0,{},0.8,6,1,0.9,7,50,0.16666666666666666,,0.5,nominal,31,8.0,1.0,7.428571428571429,1.0,6.0,1.0,{}
"[8, 6]",german_publication_batch_instances\nominal\case_50_seed37,GermanOR,lognormal,case,8.0,1.0,7.428571428571429,1.0,6.0,1.0,{},0.8,6,3,0.9,7,50,0.5,,0.5,nominal,37,8.0,1.0,7.428571428571429,1.0,6.0,1.0,{}
"[8, 6]",german_publication_batch_instances\nominal\case_50_seed41,GermanOR,lognormal,case,8.0,1.0,7.428571428571429,1.0,6.0,1.0,{},0.8,6,3,0.9,7,50,0.5,,0.5,nominal,41,8.0,1.0,7.428571428571429,1.0,6.0,1.0,{}
"[8, 6]",german_publication_batch_instances\nominal\case_50_seed43,GermanOR,lognormal,case,8.0,1.0,7.428571428571429,1.0,6.0,1.0,{},0.8,6,6,0.9,7,50,1.0,,0.5,nominal,43,8.0,1.0,7.428571428571429,1.0,6.0,1.0,{}
"[8, 6]",german_publication_batch_instances\nominal\case_50_seed47,GermanOR,lognormal,case,8.0,1.0,7.428571428571429,1.0,6.0,1.0,{},0.8,6,4,0.9,7,50,0.6666666666666666,,0.5,nominal,47,8.0,1.0,7.428571428571429,1.0,6.0,1.0,{}
"[8, 6]",german_publication_batch_instances\transfer_bottleneck\case_50_seed7,GermanOR,lognormal,case,8.0,1.0,7.428571428571429,1.0,6.0,1.0,{},0.8,6,3,0.9,7,50,0.5,,0.5,transfer_bottleneck,7,8.0,1.0,6.571428571428571,0.8846153846153846,6.0,1.0,{}
"[8, 6]",german_publication_batch_instances\transfer_bottleneck\case_50_seed11,GermanOR,lognormal,case,8.0,1.0,7.428571428571429,1.0,6.0,1.0,{},0.8,6,3,0.9,7,50,0.5,,0.5,transfer_bottleneck,11,8.0,1.0,6.571428571428571,0.8846153846153846,6.0,1.0,{}
"[8, 6]",german_publication_batch_instances\transfer_bottleneck\case_50_seed19,GermanOR,lognormal,case,8.0,1.0,7.428571428571429,1.0,6.0,1.0,{},0.8,6,2,0.9,7,50,0.3333333333333333,,0.5,transfer_bottleneck,19,8.0,1.0,6.571428571428571,0.8846153846153846,6.0,1.0,{}
"[8, 6]",german_publication_batch_instances\transfer_bottleneck\case_50_seed23,GermanOR,lognormal,case,8.0,1.0,7.428571428571429,1.0,6.0,1.0,{},0.8,6,4,0.9,7,50,0.6666666666666666,,0.5,transfer_bottleneck,23,8.0,1.0,6.571428571428571,0.8846153846153846,6.0,1.0,{}
"[8, 6]",german_publication_batch_instances\transfer_bottleneck\case_50_seed29,GermanOR,lognormal,case,8.0,1.0,7.428571428571429,1.0,6.0,1.0,{},0.8,6,2,0.9,7,50,0.3333333333333333,,0.5,transfer_bottleneck,29,8.0,1.0,6.571428571428571,0.8846153846153846,6.0,1.0,{}
"[8, 6]",german_publication_batch_instances\transfer_bottleneck\case_50_seed31,GermanOR,lognormal,case,8.0,1.0,7.428571428571429,1.0,6.0,1.0,{},0.8,6,1,0.9,7,50,0.16666666666666666,,0.5,transfer_bottleneck,31,8.0,1.0,6.571428571428571,0.8846153846153846,6.0,1.0,{}
"[8, 6]",german_publication_batch_instances\transfer_bottleneck\case_50_seed37,GermanOR,lognormal,case,8.0,1.0,7.428571428571429,1.0,6.0,1.0,{},0.8,6,3,0.9,7,50,0.5,,0.5,transfer_bottleneck,37,8.0,1.0,6.571428571428571,0.8846153846153846,6.0,1.0,{}
"[8, 6]",german_publication_batch_instances\transfer_bottleneck\case_50_seed41,GermanOR,lognormal,case,8.0,1.0,7.428571428571429,1.0,6.0,1.0,{},0.8,6,3,0.9,7,50,0.5,,0.5,transfer_bottleneck,41,8.0,1.0,6.571428571428571,0.8846153846153846,6.0,1.0,{}
"[8, 6]",german_publication_batch_instances\transfer_bottleneck\case_50_seed43,GermanOR,lognormal,case,8.0,1.0,7.428571428571429,1.0,6.0,1.0,{},0.8,6,6,0.9,7,50,1.0,,0.5,transfer_bottleneck,43,8.0,1.0,6.571428571428571,0.8846153846153846,6.0,1.0,{}
"[8, 6]",german_publication_batch_instances\transfer_bottleneck\case_50_seed47,GermanOR,lognormal,case,8.0,1.0,7.428571428571429,1.0,6.0,1.0,{},0.8,6,4,0.9,7,50,0.6666666666666666,,0.5,transfer_bottleneck,47,8.0,1.0,6.571428571428571,0.8846153846153846,6.0,1.0,{}
"[10, 7]",german_publication_batch_instances\nominal\case_70_seed7,GermanOR,lognormal,case,10.0,1.0,9.142857142857142,1.0,7.0,1.0,{},0.8,8,3,0.9,9,70,0.375,,0.5,nominal,7,10.0,1.0,9.142857142857142,1.0,7.0,1.0,{}
"[10, 7]",german_publication_batch_instances\nominal\case_70_seed11,GermanOR,lognormal,case,10.0,1.0,9.142857142857142,1.0,7.0,1.0,{},0.8,8,4,0.9,9,70,0.5,,0.5,nominal,11,10.0,1.0,9.142857142857142,1.0,7.0,1.0,{}
"[10, 7]",german_publication_batch_instances\nominal\case_70_seed19,GermanOR,lognormal,case,10.0,1.0,9.142857142857142,1.0,7.0,1.0,{},0.8,8,3,0.9,9,70,0.375,,0.5,nominal,19,10.0,1.0,9.142857142857142,1.0,7.0,1.0,{}
"[10, 7]",german_publication_batch_instances\nominal\case_70_seed23,GermanOR,lognormal,case,10.0,1.0,9.142857142857142,1.0,7.0,1.0,{},0.8,8,5,0.9,9,70,0.625,,0.5,nominal,23,10.0,1.0,9.142857142857142,1.0,7.0,1.0,{}
"[10, 7]",german_publication_batch_instances\nominal\case_70_seed29,GermanOR,lognormal,case,10.0,1.0,9.142857142857142,1.0,7.0,1.0,{},0.8,8,3,0.9,9,70,0.375,,0.5,nominal,29,10.0,1.0,9.142857142857142,1.0,7.0,1.0,{}
"[10, 7]",german_publication_batch_instances\nominal\case_70_seed31,GermanOR,lognormal,case,10.0,1.0,9.142857142857142,1.0,7.0,1.0,{},0.8,8,2,0.9,9,70,0.25,,0.5,nominal,31,10.0,1.0,9.142857142857142,1.0,7.0,1.0,{}
"[10, 7]",german_publication_batch_instances\nominal\case_70_seed37,GermanOR,lognormal,case,10.0,1.0,9.142857142857142,1.0,7.0,1.0,{},0.8,8,4,0.9,9,70,0.5,,0.5,nominal,37,10.0,1.0,9.142857142857142,1.0,7.0,1.0,{}
"[10, 7]",german_publication_batch_instances\nominal\case_70_seed41,GermanOR,lognormal,case,10.0,1.0,9.142857142857142,1.0,7.0,1.0,{},0.8,8,5,0.9,9,70,0.625,,0.5,nominal,41,10.0,1.0,9.142857142857142,1.0,7.0,1.0,{}
"[10, 7]",german_publication_batch_instances\nominal\case_70_seed43,GermanOR,lognormal,case,10.0,1.0,9.142857142857142,1.0,7.0,1.0,{},0.8,8,8,0.9,9,70,1.0,,0.5,nominal,43,10.0,1.0,9.142857142857142,1.0,7.0,1.0,{}
"[10, 7]",german_publication_batch_instances\nominal\case_70_seed47,GermanOR,lognormal,case,10.0,1.0,9.142857142857142,1.0,7.0,1.0,{},0.8,8,4,0.9,9,70,0.5,,0.5,nominal,47,10.0,1.0,9.142857142857142,1.0,7.0,1.0,{}
"[10, 7]",german_publication_batch_instances\transfer_bottleneck\case_70_seed7,GermanOR,lognormal,case,10.0,1.0,9.142857142857142,1.0,7.0,1.0,{},0.8,8,3,0.9,9,70,0.375,,0.5,transfer_bottleneck,7,10.0,1.0,7.857142857142857,0.859375,7.0,1.0,{}
"[10, 7]",german_publication_batch_instances\transfer_bottleneck\case_70_seed11,GermanOR,lognormal,case,10.0,1.0,9.142857142857142,1.0,7.0,1.0,{},0.8,8,4,0.9,9,70,0.5,,0.5,transfer_bottleneck,11,10.0,1.0,7.857142857142857,0.859375,7.0,1.0,{}
"[10, 7]",german_publication_batch_instances\transfer_bottleneck\case_70_seed19,GermanOR,lognormal,case,10.0,1.0,9.142857142857142,1.0,7.0,1.0,{},0.8,8,3,0.9,9,70,0.375,,0.5,transfer_bottleneck,19,10.0,1.0,7.857142857142857,0.859375,7.0,1.0,{}
"[10, 7]",german_publication_batch_instances\transfer_bottleneck\case_70_seed23,GermanOR,lognormal,case,10.0,1.0,9.142857142857142,1.0,7.0,1.0,{},0.8,8,5,0.9,9,70,0.625,,0.5,transfer_bottleneck,23,10.0,1.0,7.857142857142857,0.859375,7.0,1.0,{}
"[10, 7]",german_publication_batch_instances\transfer_bottleneck\case_70_seed29,GermanOR,lognormal,case,10.0,1.0,9.142857142857142,1.0,7.0,1.0,{},0.8,8,3,0.9,9,70,0.375,,0.5,transfer_bottleneck,29,10.0,1.0,7.857142857142857,0.859375,7.0,1.0,{}
"[10, 7]",german_publication_batch_instances\transfer_bottleneck\case_70_seed31,GermanOR,lognormal,case,10.0,1.0,9.142857142857142,1.0,7.0,1.0,{},0.8,8,2,0.9,9,70,0.25,,0.5,transfer_bottleneck,31,10.0,1.0,7.857142857142857,0.859375,7.0,1.0,{}
"[10, 7]",german_publication_batch_instances\transfer_bottleneck\case_70_seed37,GermanOR,lognormal,case,10.0,1.0,9.142857142857142,1.0,7.0,1.0,{},0.8,8,4,0.9,9,70,0.5,,0.5,transfer_bottleneck,37,10.0,1.0,7.857142857142857,0.859375,7.0,1.0,{}
"[10, 7]",german_publication_batch_instances\transfer_bottleneck\case_70_seed41,GermanOR,lognormal,case,10.0,1.0,9.142857142857142,1.0,7.0,1.0,{},0.8,8,5,0.9,9,70,0.625,,0.5,transfer_bottleneck,41,10.0,1.0,7.857142857142857,0.859375,7.0,1.0,{}
"[10, 7]",german_publication_batch_instances\transfer_bottleneck\case_70_seed43,GermanOR,lognormal,case,10.0,1.0,9.142857142857142,1.0,7.0,1.0,{},0.8,8,8,0.9,9,70,1.0,,0.5,transfer_bottleneck,43,10.0,1.0,7.857142857142857,0.859375,7.0,1.0,{}
"[10, 7]",german_publication_batch_instances\transfer_bottleneck\case_70_seed47,GermanOR,lognormal,case,10.0,1.0,9.142857142857142,1.0,7.0,1.0,{},0.8,8,4,0.9,9,70,0.5,,0.5,transfer_bottleneck,47,10.0,1.0,7.857142857142857,0.859375,7.0,1.0,{}
"[13, 9]",german_publication_batch_instances_100_150\nominal\case_100_seed7,GermanOR,lognormal,case,13.0,1.0,11.857142857142858,1.0,9.0,1.0,{},0.8,10,5,0.9,12,100,0.5,,0.5,nominal,7,13.0,1.0,11.857142857142858,1.0,9.0,1.0,{}
"[13, 9]",german_publication_batch_instances_100_150\nominal\case_100_seed11,GermanOR,lognormal,case,13.0,1.0,11.857142857142858,1.0,9.0,1.0,{},0.8,10,6,0.9,12,100,0.6,,0.5,nominal,11,13.0,1.0,11.857142857142858,1.0,9.0,1.0,{}
"[13, 9]",german_publication_batch_instances_100_150\nominal\case_100_seed19,GermanOR,lognormal,case,13.0,1.0,11.857142857142858,1.0,9.0,1.0,{},0.8,10,5,0.9,12,100,0.5,,0.5,nominal,19,13.0,1.0,11.857142857142858,1.0,9.0,1.0,{}
"[13, 9]",german_publication_batch_instances_100_150\nominal\case_100_seed23,GermanOR,lognormal,case,13.0,1.0,11.857142857142858,1.0,9.0,1.0,{},0.8,10,6,0.9,12,100,0.6,,0.5,nominal,23,13.0,1.0,11.857142857142858,1.0,9.0,1.0,{}
"[13, 9]",german_publication_batch_instances_100_150\nominal\case_100_seed29,GermanOR,lognormal,case,13.0,1.0,11.857142857142858,1.0,9.0,1.0,{},0.8,10,4,0.9,12,100,0.4,,0.5,nominal,29,13.0,1.0,11.857142857142858,1.0,9.0,1.0,{}
"[13, 9]",german_publication_batch_instances_100_150\nominal\case_100_seed31,GermanOR,lognormal,case,13.0,1.0,11.857142857142858,1.0,9.0,1.0,{},0.8,10,4,0.9,12,100,0.4,,0.5,nominal,31,13.0,1.0,11.857142857142858,1.0,9.0,1.0,{}
"[13, 9]",german_publication_batch_instances_100_150\nominal\case_100_seed37,GermanOR,lognormal,case,13.0,1.0,11.857142857142858,1.0,9.0,1.0,{},0.8,10,6,0.9,12,100,0.6,,0.5,nominal,37,13.0,1.0,11.857142857142858,1.0,9.0,1.0,{}
"[13, 9]",german_publication_batch_instances_100_150\nominal\case_100_seed41,GermanOR,lognormal,case,13.0,1.0,11.857142857142858,1.0,9.0,1.0,{},0.8,10,5,0.9,12,100,0.5,,0.5,nominal,41,13.0,1.0,11.857142857142858,1.0,9.0,1.0,{}
"[13, 9]",german_publication_batch_instances_100_150\nominal\case_100_seed43,GermanOR,lognormal,case,13.0,1.0,11.857142857142858,1.0,9.0,1.0,{},0.8,10,8,0.9,12,100,0.8,,0.5,nominal,43,13.0,1.0,11.857142857142858,1.0,9.0,1.0,{}
"[13, 9]",german_publication_batch_instances_100_150\nominal\case_100_seed47,GermanOR,lognormal,case,13.0,1.0,11.857142857142858,1.0,9.0,1.0,{},0.8,10,5,0.9,12,100,0.5,,0.5,nominal,47,13.0,1.0,11.857142857142858,1.0,9.0,1.0,{}
"[13, 9]",german_publication_batch_instances_100_150\transfer_bottleneck\case_100_seed7,GermanOR,lognormal,case,13.0,1.0,11.857142857142858,1.0,9.0,1.0,{},0.8,10,5,0.9,12,100,0.5,,0.5,transfer_bottleneck,7,13.0,1.0,10.142857142857142,0.8554216867469878,9.0,1.0,{}
"[13, 9]",german_publication_batch_instances_100_150\transfer_bottleneck\case_100_seed11,GermanOR,lognormal,case,13.0,1.0,11.857142857142858,1.0,9.0,1.0,{},0.8,10,6,0.9,12,100,0.6,,0.5,transfer_bottleneck,11,13.0,1.0,10.142857142857142,0.8554216867469878,9.0,1.0,{}
"[13, 9]",german_publication_batch_instances_100_150\transfer_bottleneck\case_100_seed19,GermanOR,lognormal,case,13.0,1.0,11.857142857142858,1.0,9.0,1.0,{},0.8,10,5,0.9,12,100,0.5,,0.5,transfer_bottleneck,19,13.0,1.0,10.142857142857142,0.8554216867469878,9.0,1.0,{}
"[13, 9]",german_publication_batch_instances_100_150\transfer_bottleneck\case_100_seed23,GermanOR,lognormal,case,13.0,1.0,11.857142857142858,1.0,9.0,1.0,{},0.8,10,6,0.9,12,100,0.6,,0.5,transfer_bottleneck,23,13.0,1.0,10.142857142857142,0.8554216867469878,9.0,1.0,{}
"[13, 9]",german_publication_batch_instances_100_150\transfer_bottleneck\case_100_seed29,GermanOR,lognormal,case,13.0,1.0,11.857142857142858,1.0,9.0,1.0,{},0.8,10,4,0.9,12,100,0.4,,0.5,transfer_bottleneck,29,13.0,1.0,10.142857142857142,0.8554216867469878,9.0,1.0,{}
"[13, 9]",german_publication_batch_instances_100_150\transfer_bottleneck\case_100_seed31,GermanOR,lognormal,case,13.0,1.0,11.857142857142858,1.0,9.0,1.0,{},0.8,10,4,0.9,12,100,0.4,,0.5,transfer_bottleneck,31,13.0,1.0,10.142857142857142,0.8554216867469878,9.0,1.0,{}
"[13, 9]",german_publication_batch_instances_100_150\transfer_bottleneck\case_100_seed37,GermanOR,lognormal,case,13.0,1.0,11.857142857142858,1.0,9.0,1.0,{},0.8,10,6,0.9,12,100,0.6,,0.5,transfer_bottleneck,37,13.0,1.0,10.142857142857142,0.8554216867469878,9.0,1.0,{}
"[13, 9]",german_publication_batch_instances_100_150\transfer_bottleneck\case_100_seed41,GermanOR,lognormal,case,13.0,1.0,11.857142857142858,1.0,9.0,1.0,{},0.8,10,5,0.9,12,100,0.5,,0.5,transfer_bottleneck,41,13.0,1.0,10.142857142857142,0.8554216867469878,9.0,1.0,{}
"[13, 9]",german_publication_batch_instances_100_150\transfer_bottleneck\case_100_seed43,GermanOR,lognormal,case,13.0,1.0,11.857142857142858,1.0,9.0,1.0,{},0.8,10,8,0.9,12,100,0.8,,0.5,transfer_bottleneck,43,13.0,1.0,10.142857142857142,0.8554216867469878,9.0,1.0,{}
"[13, 9]",german_publication_batch_instances_100_150\transfer_bottleneck\case_100_seed47,GermanOR,lognormal,case,13.0,1.0,11.857142857142858,1.0,9.0,1.0,{},0.8,10,5,0.9,12,100,0.5,,0.5,transfer_bottleneck,47,13.0,1.0,10.142857142857142,0.8554216867469878,9.0,1.0,{}
"[21, 15]",german_publication_batch_instances_100_150\nominal\case_150_seed7,GermanOR,lognormal,case,21.0,1.0,19.285714285714285,1.0,15.0,1.0,{},0.8,17,11,0.9,19,150,0.6470588235294118,,0.5,nominal,7,21.0,1.0,19.285714285714285,1.0,15.0,1.0,{}
"[21, 15]",german_publication_batch_instances_100_150\nominal\case_150_seed11,GermanOR,lognormal,case,21.0,1.0,19.285714285714285,1.0,15.0,1.0,{},0.8,17,12,0.9,19,150,0.7058823529411765,,0.5,nominal,11,21.0,1.0,19.285714285714285,1.0,15.0,1.0,{}
"[21, 15]",german_publication_batch_instances_100_150\nominal\case_150_seed19,GermanOR,lognormal,case,21.0,1.0,19.285714285714285,1.0,15.0,1.0,{},0.8,17,9,0.9,19,150,0.5294117647058824,,0.5,nominal,19,21.0,1.0,19.285714285714285,1.0,15.0,1.0,{}
"[21, 15]",german_publication_batch_instances_100_150\nominal\case_150_seed23,GermanOR,lognormal,case,21.0,1.0,19.285714285714285,1.0,15.0,1.0,{},0.8,17,11,0.9,19,150,0.6470588235294118,,0.5,nominal,23,21.0,1.0,19.285714285714285,1.0,15.0,1.0,{}
"[21, 15]",german_publication_batch_instances_100_150\nominal\case_150_seed29,GermanOR,lognormal,case,21.0,1.0,19.285714285714285,1.0,15.0,1.0,{},0.8,17,8,0.9,19,150,0.47058823529411764,,0.5,nominal,29,21.0,1.0,19.285714285714285,1.0,15.0,1.0,{}
"[21, 15]",german_publication_batch_instances_100_150\nominal\case_150_seed31,GermanOR,lognormal,case,21.0,1.0,19.285714285714285,1.0,15.0,1.0,{},0.8,17,7,0.9,19,150,0.4117647058823529,,0.5,nominal,31,21.0,1.0,19.285714285714285,1.0,15.0,1.0,{}
"[21, 15]",german_publication_batch_instances_100_150\nominal\case_150_seed37,GermanOR,lognormal,case,21.0,1.0,19.285714285714285,1.0,15.0,1.0,{},0.8,17,9,0.9,19,150,0.5294117647058824,,0.5,nominal,37,21.0,1.0,19.285714285714285,1.0,15.0,1.0,{}
"[21, 15]",german_publication_batch_instances_100_150\nominal\case_150_seed41,GermanOR,lognormal,case,21.0,1.0,19.285714285714285,1.0,15.0,1.0,{},0.8,17,11,0.9,19,150,0.6470588235294118,,0.5,nominal,41,21.0,1.0,19.285714285714285,1.0,15.0,1.0,{}
"[21, 15]",german_publication_batch_instances_100_150\nominal\case_150_seed43,GermanOR,lognormal,case,21.0,1.0,19.285714285714285,1.0,15.0,1.0,{},0.8,17,10,0.9,19,150,0.5882352941176471,,0.5,nominal,43,21.0,1.0,19.285714285714285,1.0,15.0,1.0,{}
"[21, 15]",german_publication_batch_instances_100_150\nominal\case_150_seed47,GermanOR,lognormal,case,21.0,1.0,19.285714285714285,1.0,15.0,1.0,{},0.8,17,8,0.9,19,150,0.47058823529411764,,0.5,nominal,47,21.0,1.0,19.285714285714285,1.0,15.0,1.0,{}
"[21, 15]",german_publication_batch_instances_100_150\transfer_bottleneck\case_150_seed7,GermanOR,lognormal,case,21.0,1.0,19.285714285714285,1.0,15.0,1.0,{},0.8,17,11,0.9,19,150,0.6470588235294118,,0.5,transfer_bottleneck,7,21.0,1.0,16.714285714285715,0.8666666666666668,15.0,1.0,{}
"[21, 15]",german_publication_batch_instances_100_150\transfer_bottleneck\case_150_seed11,GermanOR,lognormal,case,21.0,1.0,19.285714285714285,1.0,15.0,1.0,{},0.8,17,12,0.9,19,150,0.7058823529411765,,0.5,transfer_bottleneck,11,21.0,1.0,16.714285714285715,0.8666666666666668,15.0,1.0,{}
"[21, 15]",german_publication_batch_instances_100_150\transfer_bottleneck\case_150_seed19,GermanOR,lognormal,case,21.0,1.0,19.285714285714285,1.0,15.0,1.0,{},0.8,17,9,0.9,19,150,0.5294117647058824,,0.5,transfer_bottleneck,19,21.0,1.0,16.714285714285715,0.8666666666666668,15.0,1.0,{}
"[21, 15]",german_publication_batch_instances_100_150\transfer_bottleneck\case_150_seed23,GermanOR,lognormal,case,21.0,1.0,19.285714285714285,1.0,15.0,1.0,{},0.8,17,11,0.9,19,150,0.6470588235294118,,0.5,transfer_bottleneck,23,21.0,1.0,16.714285714285715,0.8666666666666668,15.0,1.0,{}
"[21, 15]",german_publication_batch_instances_100_150\transfer_bottleneck\case_150_seed29,GermanOR,lognormal,case,21.0,1.0,19.285714285714285,1.0,15.0,1.0,{},0.8,17,8,0.9,19,150,0.47058823529411764,,0.5,transfer_bottleneck,29,21.0,1.0,16.714285714285715,0.8666666666666668,15.0,1.0,{}
"[21, 15]",german_publication_batch_instances_100_150\transfer_bottleneck\case_150_seed31,GermanOR,lognormal,case,21.0,1.0,19.285714285714285,1.0,15.0,1.0,{},0.8,17,7,0.9,19,150,0.4117647058823529,,0.5,transfer_bottleneck,31,21.0,1.0,16.714285714285715,0.8666666666666668,15.0,1.0,{}
"[21, 15]",german_publication_batch_instances_100_150\transfer_bottleneck\case_150_seed37,GermanOR,lognormal,case,21.0,1.0,19.285714285714285,1.0,15.0,1.0,{},0.8,17,9,0.9,19,150,0.5294117647058824,,0.5,transfer_bottleneck,37,21.0,1.0,16.714285714285715,0.8666666666666668,15.0,1.0,{}
"[21, 15]",german_publication_batch_instances_100_150\transfer_bottleneck\case_150_seed41,GermanOR,lognormal,case,21.0,1.0,19.285714285714285,1.0,15.0,1.0,{},0.8,17,11,0.9,19,150,0.6470588235294118,,0.5,transfer_bottleneck,41,21.0,1.0,16.714285714285715,0.8666666666666668,15.0,1.0,{}
"[21, 15]",german_publication_batch_instances_100_150\transfer_bottleneck\case_150_seed43,GermanOR,lognormal,case,21.0,1.0,19.285714285714285,1.0,15.0,1.0,{},0.8,17,10,0.9,19,150,0.5882352941176471,,0.5,transfer_bottleneck,43,21.0,1.0,16.714285714285715,0.8666666666666668,15.0,1.0,{}
"[21, 15]",german_publication_batch_instances_100_150\transfer_bottleneck\case_150_seed47,GermanOR,lognormal,case,21.0,1.0,19.285714285714285,1.0,15.0,1.0,{},0.8,17,8,0.9,19,150,0.47058823529411764,,0.5,transfer_bottleneck,47,21.0,1.0,16.714285714285715,0.8666666666666668,15.0,1.0,{}
"[8, 6]",mannino_publication_batch_instances\nominal\case_50_seed7,Mannino,lognormal,case,8.0,1.0,7.428571428571429,1.0,6.0,1.0,{},0.8,6,3,0.9,7,50,0.5,,0.5,nominal,7,8.0,1.0,7.428571428571429,1.0,6.0,1.0,{}
"[8, 6]",mannino_publication_batch_instances\nominal\case_50_seed11,Mannino,lognormal,case,8.0,1.0,7.428571428571429,1.0,6.0,1.0,{},0.8,6,3,0.9,7,50,0.5,,0.5,nominal,11,8.0,1.0,7.428571428571429,1.0,6.0,1.0,{}
"[8, 6]",mannino_publication_batch_instances\nominal\case_50_seed19,Mannino,lognormal,case,8.0,1.0,7.428571428571429,1.0,6.0,1.0,{},0.8,6,2,0.9,7,50,0.3333333333333333,,0.5,nominal,19,8.0,1.0,7.428571428571429,1.0,6.0,1.0,{}
"[8, 6]",mannino_publication_batch_instances\nominal\case_50_seed23,Mannino,lognormal,case,8.0,1.0,7.428571428571429,1.0,6.0,1.0,{},0.8,6,4,0.9,7,50,0.6666666666666666,,0.5,nominal,23,8.0,1.0,7.428571428571429,1.0,6.0,1.0,{}
"[8, 6]",mannino_publication_batch_instances\nominal\case_50_seed29,Mannino,lognormal,case,8.0,1.0,7.428571428571429,1.0,6.0,1.0,{},0.8,6,2,0.9,7,50,0.3333333333333333,,0.5,nominal,29,8.0,1.0,7.428571428571429,1.0,6.0,1.0,{}
"[8, 6]",mannino_publication_batch_instances\nominal\case_50_seed31,Mannino,lognormal,case,8.0,1.0,7.428571428571429,1.0,6.0,1.0,{},0.8,6,1,0.9,7,50,0.16666666666666666,,0.5,nominal,31,8.0,1.0,7.428571428571429,1.0,6.0,1.0,{}
"[8, 6]",mannino_publication_batch_instances\nominal\case_50_seed37,Mannino,lognormal,case,8.0,1.0,7.428571428571429,1.0,6.0,1.0,{},0.8,6,3,0.9,7,50,0.5,,0.5,nominal,37,8.0,1.0,7.428571428571429,1.0,6.0,1.0,{}
"[8, 6]",mannino_publication_batch_instances\nominal\case_50_seed41,Mannino,lognormal,case,8.0,1.0,7.428571428571429,1.0,6.0,1.0,{},0.8,6,3,0.9,7,50,0.5,,0.5,nominal,41,8.0,1.0,7.428571428571429,1.0,6.0,1.0,{}
"[8, 6]",mannino_publication_batch_instances\nominal\case_50_seed43,Mannino,lognormal,case,8.0,1.0,7.428571428571429,1.0,6.0,1.0,{},0.8,6,6,0.9,7,50,1.0,,0.5,nominal,43,8.0,1.0,7.428571428571429,1.0,6.0,1.0,{}
"[8, 6]",mannino_publication_batch_instances\nominal\case_50_seed47,Mannino,lognormal,case,8.0,1.0,7.428571428571429,1.0,6.0,1.0,{},0.8,6,4,0.9,7,50,0.6666666666666666,,0.5,nominal,47,8.0,1.0,7.428571428571429,1.0,6.0,1.0,{}
"[8, 6]",mannino_publication_batch_instances\transfer_bottleneck\case_50_seed7,Mannino,lognormal,case,8.0,1.0,7.428571428571429,1.0,6.0,1.0,{},0.8,6,3,0.9,7,50,0.5,,0.5,transfer_bottleneck,7,8.0,1.0,6.571428571428571,0.8846153846153846,6.0,1.0,{}
"[8, 6]",mannino_publication_batch_instances\transfer_bottleneck\case_50_seed11,Mannino,lognormal,case,8.0,1.0,7.428571428571429,1.0,6.0,1.0,{},0.8,6,3,0.9,7,50,0.5,,0.5,transfer_bottleneck,11,8.0,1.0,6.571428571428571,0.8846153846153846,6.0,1.0,{}
"[8, 6]",mannino_publication_batch_instances\transfer_bottleneck\case_50_seed19,Mannino,lognormal,case,8.0,1.0,7.428571428571429,1.0,6.0,1.0,{},0.8,6,2,0.9,7,50,0.3333333333333333,,0.5,transfer_bottleneck,19,8.0,1.0,6.571428571428571,0.8846153846153846,6.0,1.0,{}
"[8, 6]",mannino_publication_batch_instances\transfer_bottleneck\case_50_seed23,Mannino,lognormal,case,8.0,1.0,7.428571428571429,1.0,6.0,1.0,{},0.8,6,4,0.9,7,50,0.6666666666666666,,0.5,transfer_bottleneck,23,8.0,1.0,6.571428571428571,0.8846153846153846,6.0,1.0,{}
"[8, 6]",mannino_publication_batch_instances\transfer_bottleneck\case_50_seed29,Mannino,lognormal,case,8.0,1.0,7.428571428571429,1.0,6.0,1.0,{},0.8,6,2,0.9,7,50,0.3333333333333333,,0.5,transfer_bottleneck,29,8.0,1.0,6.571428571428571,0.8846153846153846,6.0,1.0,{}
"[8, 6]",mannino_publication_batch_instances\transfer_bottleneck\case_50_seed31,Mannino,lognormal,case,8.0,1.0,7.428571428571429,1.0,6.0,1.0,{},0.8,6,1,0.9,7,50,0.16666666666666666,,0.5,transfer_bottleneck,31,8.0,1.0,6.571428571428571,0.8846153846153846,6.0,1.0,{}
"[8, 6]",mannino_publication_batch_instances\transfer_bottleneck\case_50_seed37,Mannino,lognormal,case,8.0,1.0,7.428571428571429,1.0,6.0,1.0,{},0.8,6,3,0.9,7,50,0.5,,0.5,transfer_bottleneck,37,8.0,1.0,6.571428571428571,0.8846153846153846,6.0,1.0,{}
"[8, 6]",mannino_publication_batch_instances\transfer_bottleneck\case_50_seed41,Mannino,lognormal,case,8.0,1.0,7.428571428571429,1.0,6.0,1.0,{},0.8,6,3,0.9,7,50,0.5,,0.5,transfer_bottleneck,41,8.0,1.0,6.571428571428571,0.8846153846153846,6.0,1.0,{}
"[8, 6]",mannino_publication_batch_instances\transfer_bottleneck\case_50_seed43,Mannino,lognormal,case,8.0,1.0,7.428571428571429,1.0,6.0,1.0,{},0.8,6,6,0.9,7,50,1.0,,0.5,transfer_bottleneck,43,8.0,1.0,6.571428571428571,0.8846153846153846,6.0,1.0,{}
"[8, 6]",mannino_publication_batch_instances\transfer_bottleneck\case_50_seed47,Mannino,lognormal,case,8.0,1.0,7.428571428571429,1.0,6.0,1.0,{},0.8,6,4,0.9,7,50,0.6666666666666666,,0.5,transfer_bottleneck,47,8.0,1.0,6.571428571428571,0.8846153846153846,6.0,1.0,{}
"[10, 7]",mannino_publication_batch_instances\nominal\case_70_seed7,Mannino,lognormal,case,10.0,1.0,9.142857142857142,1.0,7.0,1.0,{},0.8,8,3,0.9,9,70,0.375,,0.5,nominal,7,10.0,1.0,9.142857142857142,1.0,7.0,1.0,{}
"[10, 7]",mannino_publication_batch_instances\nominal\case_70_seed11,Mannino,lognormal,case,10.0,1.0,9.142857142857142,1.0,7.0,1.0,{},0.8,8,4,0.9,9,70,0.5,,0.5,nominal,11,10.0,1.0,9.142857142857142,1.0,7.0,1.0,{}
"[10, 7]",mannino_publication_batch_instances\nominal\case_70_seed19,Mannino,lognormal,case,10.0,1.0,9.142857142857142,1.0,7.0,1.0,{},0.8,8,3,0.9,9,70,0.375,,0.5,nominal,19,10.0,1.0,9.142857142857142,1.0,7.0,1.0,{}
"[10, 7]",mannino_publication_batch_instances\nominal\case_70_seed23,Mannino,lognormal,case,10.0,1.0,9.142857142857142,1.0,7.0,1.0,{},0.8,8,5,0.9,9,70,0.625,,0.5,nominal,23,10.0,1.0,9.142857142857142,1.0,7.0,1.0,{}
"[10, 7]",mannino_publication_batch_instances\nominal\case_70_seed29,Mannino,lognormal,case,10.0,1.0,9.142857142857142,1.0,7.0,1.0,{},0.8,8,3,0.9,9,70,0.375,,0.5,nominal,29,10.0,1.0,9.142857142857142,1.0,7.0,1.0,{}
"[10, 7]",mannino_publication_batch_instances\nominal\case_70_seed31,Mannino,lognormal,case,10.0,1.0,9.142857142857142,1.0,7.0,1.0,{},0.8,8,2,0.9,9,70,0.25,,0.5,nominal,31,10.0,1.0,9.142857142857142,1.0,7.0,1.0,{}
"[10, 7]",mannino_publication_batch_instances\nominal\case_70_seed37,Mannino,lognormal,case,10.0,1.0,9.142857142857142,1.0,7.0,1.0,{},0.8,8,4,0.9,9,70,0.5,,0.5,nominal,37,10.0,1.0,9.142857142857142,1.0,7.0,1.0,{}
"[10, 7]",mannino_publication_batch_instances\nominal\case_70_seed41,Mannino,lognormal,case,10.0,1.0,9.142857142857142,1.0,7.0,1.0,{},0.8,8,5,0.9,9,70,0.625,,0.5,nominal,41,10.0,1.0,9.142857142857142,1.0,7.0,1.0,{}
"[10, 7]",mannino_publication_batch_instances\nominal\case_70_seed43,Mannino,lognormal,case,10.0,1.0,9.142857142857142,1.0,7.0,1.0,{},0.8,8,8,0.9,9,70,1.0,,0.5,nominal,43,10.0,1.0,9.142857142857142,1.0,7.0,1.0,{}
"[10, 7]",mannino_publication_batch_instances\nominal\case_70_seed47,Mannino,lognormal,case,10.0,1.0,9.142857142857142,1.0,7.0,1.0,{},0.8,8,4,0.9,9,70,0.5,,0.5,nominal,47,10.0,1.0,9.142857142857142,1.0,7.0,1.0,{}
"[10, 7]",mannino_publication_batch_instances\transfer_bottleneck\case_70_seed7,Mannino,lognormal,case,10.0,1.0,9.142857142857142,1.0,7.0,1.0,{},0.8,8,3,0.9,9,70,0.375,,0.5,transfer_bottleneck,7,10.0,1.0,7.857142857142857,0.859375,7.0,1.0,{}
"[10, 7]",mannino_publication_batch_instances\transfer_bottleneck\case_70_seed11,Mannino,lognormal,case,10.0,1.0,9.142857142857142,1.0,7.0,1.0,{},0.8,8,4,0.9,9,70,0.5,,0.5,transfer_bottleneck,11,10.0,1.0,7.857142857142857,0.859375,7.0,1.0,{}
"[10, 7]",mannino_publication_batch_instances\transfer_bottleneck\case_70_seed19,Mannino,lognormal,case,10.0,1.0,9.142857142857142,1.0,7.0,1.0,{},0.8,8,3,0.9,9,70,0.375,,0.5,transfer_bottleneck,19,10.0,1.0,7.857142857142857,0.859375,7.0,1.0,{}
"[10, 7]",mannino_publication_batch_instances\transfer_bottleneck\case_70_seed23,Mannino,lognormal,case,10.0,1.0,9.142857142857142,1.0,7.0,1.0,{},0.8,8,5,0.9,9,70,0.625,,0.5,transfer_bottleneck,23,10.0,1.0,7.857142857142857,0.859375,7.0,1.0,{}
"[10, 7]",mannino_publication_batch_instances\transfer_bottleneck\case_70_seed29,Mannino,lognormal,case,10.0,1.0,9.142857142857142,1.0,7.0,1.0,{},0.8,8,3,0.9,9,70,0.375,,0.5,transfer_bottleneck,29,10.0,1.0,7.857142857142857,0.859375,7.0,1.0,{}
"[10, 7]",mannino_publication_batch_instances\transfer_bottleneck\case_70_seed31,Mannino,lognormal,case,10.0,1.0,9.142857142857142,1.0,7.0,1.0,{},0.8,8,2,0.9,9,70,0.25,,0.5,transfer_bottleneck,31,10.0,1.0,7.857142857142857,0.859375,7.0,1.0,{}
"[10, 7]",mannino_publication_batch_instances\transfer_bottleneck\case_70_seed37,Mannino,lognormal,case,10.0,1.0,9.142857142857142,1.0,7.0,1.0,{},0.8,8,4,0.9,9,70,0.5,,0.5,transfer_bottleneck,37,10.0,1.0,7.857142857142857,0.859375,7.0,1.0,{}
"[10, 7]",mannino_publication_batch_instances\transfer_bottleneck\case_70_seed41,Mannino,lognormal,case,10.0,1.0,9.142857142857142,1.0,7.0,1.0,{},0.8,8,5,0.9,9,70,0.625,,0.5,transfer_bottleneck,41,10.0,1.0,7.857142857142857,0.859375,7.0,1.0,{}
"[10, 7]",mannino_publication_batch_instances\transfer_bottleneck\case_70_seed43,Mannino,lognormal,case,10.0,1.0,9.142857142857142,1.0,7.0,1.0,{},0.8,8,8,0.9,9,70,1.0,,0.5,transfer_bottleneck,43,10.0,1.0,7.857142857142857,0.859375,7.0,1.0,{}
"[10, 7]",mannino_publication_batch_instances\transfer_bottleneck\case_70_seed47,Mannino,lognormal,case,10.0,1.0,9.142857142857142,1.0,7.0,1.0,{},0.8,8,4,0.9,9,70,0.5,,0.5,transfer_bottleneck,47,10.0,1.0,7.857142857142857,0.859375,7.0,1.0,{}
"[13, 9]",mannino_publication_batch_instances_100_150\nominal\case_100_seed7,Mannino,lognormal,case,13.0,1.0,11.857142857142858,1.0,9.0,1.0,{},0.8,10,5,0.9,12,100,0.5,,0.5,nominal,7,13.0,1.0,11.857142857142858,1.0,9.0,1.0,{}
"[13, 9]",mannino_publication_batch_instances_100_150\nominal\case_100_seed11,Mannino,lognormal,case,13.0,1.0,11.857142857142858,1.0,9.0,1.0,{},0.8,10,6,0.9,12,100,0.6,,0.5,nominal,11,13.0,1.0,11.857142857142858,1.0,9.0,1.0,{}
"[13, 9]",mannino_publication_batch_instances_100_150\nominal\case_100_seed19,Mannino,lognormal,case,13.0,1.0,11.857142857142858,1.0,9.0,1.0,{},0.8,10,5,0.9,12,100,0.5,,0.5,nominal,19,13.0,1.0,11.857142857142858,1.0,9.0,1.0,{}
"[13, 9]",mannino_publication_batch_instances_100_150\nominal\case_100_seed23,Mannino,lognormal,case,13.0,1.0,11.857142857142858,1.0,9.0,1.0,{},0.8,10,6,0.9,12,100,0.6,,0.5,nominal,23,13.0,1.0,11.857142857142858,1.0,9.0,1.0,{}
"[13, 9]",mannino_publication_batch_instances_100_150\nominal\case_100_seed29,Mannino,lognormal,case,13.0,1.0,11.857142857142858,1.0,9.0,1.0,{},0.8,10,4,0.9,12,100,0.4,,0.5,nominal,29,13.0,1.0,11.857142857142858,1.0,9.0,1.0,{}
"[13, 9]",mannino_publication_batch_instances_100_150\nominal\case_100_seed31,Mannino,lognormal,case,13.0,1.0,11.857142857142858,1.0,9.0,1.0,{},0.8,10,4,0.9,12,100,0.4,,0.5,nominal,31,13.0,1.0,11.857142857142858,1.0,9.0,1.0,{}
"[13, 9]",mannino_publication_batch_instances_100_150\nominal\case_100_seed37,Mannino,lognormal,case,13.0,1.0,11.857142857142858,1.0,9.0,1.0,{},0.8,10,6,0.9,12,100,0.6,,0.5,nominal,37,13.0,1.0,11.857142857142858,1.0,9.0,1.0,{}
"[13, 9]",mannino_publication_batch_instances_100_150\nominal\case_100_seed41,Mannino,lognormal,case,13.0,1.0,11.857142857142858,1.0,9.0,1.0,{},0.8,10,5,0.9,12,100,0.5,,0.5,nominal,41,13.0,1.0,11.857142857142858,1.0,9.0,1.0,{}
"[13, 9]",mannino_publication_batch_instances_100_150\nominal\case_100_seed43,Mannino,lognormal,case,13.0,1.0,11.857142857142858,1.0,9.0,1.0,{},0.8,10,8,0.9,12,100,0.8,,0.5,nominal,43,13.0,1.0,11.857142857142858,1.0,9.0,1.0,{}
"[13, 9]",mannino_publication_batch_instances_100_150\nominal\case_100_seed47,Mannino,lognormal,case,13.0,1.0,11.857142857142858,1.0,9.0,1.0,{},0.8,10,5,0.9,12,100,0.5,,0.5,nominal,47,13.0,1.0,11.857142857142858,1.0,9.0,1.0,{}
"[13, 9]",mannino_publication_batch_instances_100_150\transfer_bottleneck\case_100_seed7,Mannino,lognormal,case,13.0,1.0,11.857142857142858,1.0,9.0,1.0,{},0.8,10,5,0.9,12,100,0.5,,0.5,transfer_bottleneck,7,13.0,1.0,10.142857142857142,0.8554216867469878,9.0,1.0,{}
"[13, 9]",mannino_publication_batch_instances_100_150\transfer_bottleneck\case_100_seed11,Mannino,lognormal,case,13.0,1.0,11.857142857142858,1.0,9.0,1.0,{},0.8,10,6,0.9,12,100,0.6,,0.5,transfer_bottleneck,11,13.0,1.0,10.142857142857142,0.8554216867469878,9.0,1.0,{}
"[13, 9]",mannino_publication_batch_instances_100_150\transfer_bottleneck\case_100_seed19,Mannino,lognormal,case,13.0,1.0,11.857142857142858,1.0,9.0,1.0,{},0.8,10,5,0.9,12,100,0.5,,0.5,transfer_bottleneck,19,13.0,1.0,10.142857142857142,0.8554216867469878,9.0,1.0,{}
"[13, 9]",mannino_publication_batch_instances_100_150\transfer_bottleneck\case_100_seed23,Mannino,lognormal,case,13.0,1.0,11.857142857142858,1.0,9.0,1.0,{},0.8,10,6,0.9,12,100,0.6,,0.5,transfer_bottleneck,23,13.0,1.0,10.142857142857142,0.8554216867469878,9.0,1.0,{}
"[13, 9]",mannino_publication_batch_instances_100_150\transfer_bottleneck\case_100_seed29,Mannino,lognormal,case,13.0,1.0,11.857142857142858,1.0,9.0,1.0,{},0.8,10,4,0.9,12,100,0.4,,0.5,transfer_bottleneck,29,13.0,1.0,10.142857142857142,0.8554216867469878,9.0,1.0,{}
"[13, 9]",mannino_publication_batch_instances_100_150\transfer_bottleneck\case_100_seed31,Mannino,lognormal,case,13.0,1.0,11.857142857142858,1.0,9.0,1.0,{},0.8,10,4,0.9,12,100,0.4,,0.5,transfer_bottleneck,31,13.0,1.0,10.142857142857142,0.8554216867469878,9.0,1.0,{}
"[13, 9]",mannino_publication_batch_instances_100_150\transfer_bottleneck\case_100_seed37,Mannino,lognormal,case,13.0,1.0,11.857142857142858,1.0,9.0,1.0,{},0.8,10,6,0.9,12,100,0.6,,0.5,transfer_bottleneck,37,13.0,1.0,10.142857142857142,0.8554216867469878,9.0,1.0,{}
"[13, 9]",mannino_publication_batch_instances_100_150\transfer_bottleneck\case_100_seed41,Mannino,lognormal,case,13.0,1.0,11.857142857142858,1.0,9.0,1.0,{},0.8,10,5,0.9,12,100,0.5,,0.5,transfer_bottleneck,41,13.0,1.0,10.142857142857142,0.8554216867469878,9.0,1.0,{}
"[13, 9]",mannino_publication_batch_instances_100_150\transfer_bottleneck\case_100_seed43,Mannino,lognormal,case,13.0,1.0,11.857142857142858,1.0,9.0,1.0,{},0.8,10,8,0.9,12,100,0.8,,0.5,transfer_bottleneck,43,13.0,1.0,10.142857142857142,0.8554216867469878,9.0,1.0,{}
"[13, 9]",mannino_publication_batch_instances_100_150\transfer_bottleneck\case_100_seed47,Mannino,lognormal,case,13.0,1.0,11.857142857142858,1.0,9.0,1.0,{},0.8,10,5,0.9,12,100,0.5,,0.5,transfer_bottleneck,47,13.0,1.0,10.142857142857142,0.8554216867469878,9.0,1.0,{}
"[21, 15]",mannino_publication_batch_instances_100_150\nominal\case_150_seed7,Mannino,lognormal,case,21.0,1.0,19.285714285714285,1.0,15.0,1.0,{},0.8,17,11,0.9,19,150,0.6470588235294118,,0.5,nominal,7,21.0,1.0,19.285714285714285,1.0,15.0,1.0,{}
"[21, 15]",mannino_publication_batch_instances_100_150\nominal\case_150_seed11,Mannino,lognormal,case,21.0,1.0,19.285714285714285,1.0,15.0,1.0,{},0.8,17,12,0.9,19,150,0.7058823529411765,,0.5,nominal,11,21.0,1.0,19.285714285714285,1.0,15.0,1.0,{}
"[21, 15]",mannino_publication_batch_instances_100_150\nominal\case_150_seed19,Mannino,lognormal,case,21.0,1.0,19.285714285714285,1.0,15.0,1.0,{},0.8,17,9,0.9,19,150,0.5294117647058824,,0.5,nominal,19,21.0,1.0,19.285714285714285,1.0,15.0,1.0,{}
"[21, 15]",mannino_publication_batch_instances_100_150\nominal\case_150_seed23,Mannino,lognormal,case,21.0,1.0,19.285714285714285,1.0,15.0,1.0,{},0.8,17,11,0.9,19,150,0.6470588235294118,,0.5,nominal,23,21.0,1.0,19.285714285714285,1.0,15.0,1.0,{}
"[21, 15]",mannino_publication_batch_instances_100_150\nominal\case_150_seed29,Mannino,lognormal,case,21.0,1.0,19.285714285714285,1.0,15.0,1.0,{},0.8,17,8,0.9,19,150,0.47058823529411764,,0.5,nominal,29,21.0,1.0,19.285714285714285,1.0,15.0,1.0,{}
"[21, 15]",mannino_publication_batch_instances_100_150\nominal\case_150_seed31,Mannino,lognormal,case,21.0,1.0,19.285714285714285,1.0,15.0,1.0,{},0.8,17,7,0.9,19,150,0.4117647058823529,,0.5,nominal,31,21.0,1.0,19.285714285714285,1.0,15.0,1.0,{}
"[21, 15]",mannino_publication_batch_instances_100_150\nominal\case_150_seed37,Mannino,lognormal,case,21.0,1.0,19.285714285714285,1.0,15.0,1.0,{},0.8,17,9,0.9,19,150,0.5294117647058824,,0.5,nominal,37,21.0,1.0,19.285714285714285,1.0,15.0,1.0,{}
"[21, 15]",mannino_publication_batch_instances_100_150\nominal\case_150_seed41,Mannino,lognormal,case,21.0,1.0,19.285714285714285,1.0,15.0,1.0,{},0.8,17,11,0.9,19,150,0.6470588235294118,,0.5,nominal,41,21.0,1.0,19.285714285714285,1.0,15.0,1.0,{}
"[21, 15]",mannino_publication_batch_instances_100_150\nominal\case_150_seed43,Mannino,lognormal,case,21.0,1.0,19.285714285714285,1.0,15.0,1.0,{},0.8,17,10,0.9,19,150,0.5882352941176471,,0.5,nominal,43,21.0,1.0,19.285714285714285,1.0,15.0,1.0,{}
"[21, 15]",mannino_publication_batch_instances_100_150\nominal\case_150_seed47,Mannino,lognormal,case,21.0,1.0,19.285714285714285,1.0,15.0,1.0,{},0.8,17,8,0.9,19,150,0.47058823529411764,,0.5,nominal,47,21.0,1.0,19.285714285714285,1.0,15.0,1.0,{}
"[21, 15]",mannino_publication_batch_instances_100_150\transfer_bottleneck\case_150_seed7,Mannino,lognormal,case,21.0,1.0,19.285714285714285,1.0,15.0,1.0,{},0.8,17,11,0.9,19,150,0.6470588235294118,,0.5,transfer_bottleneck,7,21.0,1.0,16.714285714285715,0.8666666666666668,15.0,1.0,{}
"[21, 15]",mannino_publication_batch_instances_100_150\transfer_bottleneck\case_150_seed11,Mannino,lognormal,case,21.0,1.0,19.285714285714285,1.0,15.0,1.0,{},0.8,17,12,0.9,19,150,0.7058823529411765,,0.5,transfer_bottleneck,11,21.0,1.0,16.714285714285715,0.8666666666666668,15.0,1.0,{}
"[21, 15]",mannino_publication_batch_instances_100_150\transfer_bottleneck\case_150_seed19,Mannino,lognormal,case,21.0,1.0,19.285714285714285,1.0,15.0,1.0,{},0.8,17,9,0.9,19,150,0.5294117647058824,,0.5,transfer_bottleneck,19,21.0,1.0,16.714285714285715,0.8666666666666668,15.0,1.0,{}
"[21, 15]",mannino_publication_batch_instances_100_150\transfer_bottleneck\case_150_seed23,Mannino,lognormal,case,21.0,1.0,19.285714285714285,1.0,15.0,1.0,{},0.8,17,11,0.9,19,150,0.6470588235294118,,0.5,transfer_bottleneck,23,21.0,1.0,16.714285714285715,0.8666666666666668,15.0,1.0,{}
"[21, 15]",mannino_publication_batch_instances_100_150\transfer_bottleneck\case_150_seed29,Mannino,lognormal,case,21.0,1.0,19.285714285714285,1.0,15.0,1.0,{},0.8,17,8,0.9,19,150,0.47058823529411764,,0.5,transfer_bottleneck,29,21.0,1.0,16.714285714285715,0.8666666666666668,15.0,1.0,{}
"[21, 15]",mannino_publication_batch_instances_100_150\transfer_bottleneck\case_150_seed31,Mannino,lognormal,case,21.0,1.0,19.285714285714285,1.0,15.0,1.0,{},0.8,17,7,0.9,19,150,0.4117647058823529,,0.5,transfer_bottleneck,31,21.0,1.0,16.714285714285715,0.8666666666666668,15.0,1.0,{}
"[21, 15]",mannino_publication_batch_instances_100_150\transfer_bottleneck\case_150_seed37,Mannino,lognormal,case,21.0,1.0,19.285714285714285,1.0,15.0,1.0,{},0.8,17,9,0.9,19,150,0.5294117647058824,,0.5,transfer_bottleneck,37,21.0,1.0,16.714285714285715,0.8666666666666668,15.0,1.0,{}
"[21, 15]",mannino_publication_batch_instances_100_150\transfer_bottleneck\case_150_seed41,Mannino,lognormal,case,21.0,1.0,19.285714285714285,1.0,15.0,1.0,{},0.8,17,11,0.9,19,150,0.6470588235294118,,0.5,transfer_bottleneck,41,21.0,1.0,16.714285714285715,0.8666666666666668,15.0,1.0,{}
"[21, 15]",mannino_publication_batch_instances_100_150\transfer_bottleneck\case_150_seed43,Mannino,lognormal,case,21.0,1.0,19.285714285714285,1.0,15.0,1.0,{},0.8,17,10,0.9,19,150,0.5882352941176471,,0.5,transfer_bottleneck,43,21.0,1.0,16.714285714285715,0.8666666666666668,15.0,1.0,{}
"[21, 15]",mannino_publication_batch_instances_100_150\transfer_bottleneck\case_150_seed47,Mannino,lognormal,case,21.0,1.0,19.285714285714285,1.0,15.0,1.0,{},0.8,17,8,0.9,19,150,0.47058823529411764,,0.5,transfer_bottleneck,47,21.0,1.0,16.714285714285715,0.8666666666666668,15.0,1.0,{}
"[8, 6]",publication_batch_instances\nominal\case_50_seed7,Synthetic,lognormal,case,8.0,1.0,7.428571428571429,1.0,6.0,1.0,"{""1"": 8, ""2"": 8, ""3"": 8, ""4"": 8, ""5"": 8, ""6"": 6, ""7"": 6}",0.8,6,3,0.9,7,50,0.5,No downstream stress adjustment.,0.5,nominal,7,8.0,1.0,7.428571428571429,1.0,6.0,1.0,"{""1"": 8, ""2"": 8, ""3"": 8, ""4"": 8, ""5"": 8, ""6"": 6, ""7"": 6}"
"[8, 6]",publication_batch_instances\nominal\case_50_seed11,Synthetic,lognormal,case,8.0,1.0,7.428571428571429,1.0,6.0,1.0,"{""1"": 8, ""2"": 8, ""3"": 8, ""4"": 8, ""5"": 8, ""6"": 6, ""7"": 6}",0.8,6,3,0.9,7,50,0.5,No downstream stress adjustment.,0.5,nominal,11,8.0,1.0,7.428571428571429,1.0,6.0,1.0,"{""1"": 8, ""2"": 8, ""3"": 8, ""4"": 8, ""5"": 8, ""6"": 6, ""7"": 6}"
"[8, 6]",publication_batch_instances\nominal\case_50_seed19,Synthetic,lognormal,case,8.0,1.0,7.428571428571429,1.0,6.0,1.0,"{""1"": 8, ""2"": 8, ""3"": 8, ""4"": 8, ""5"": 8, ""6"": 6, ""7"": 6}",0.8,6,2,0.9,7,50,0.3333333333333333,No downstream stress adjustment.,0.5,nominal,19,8.0,1.0,7.428571428571429,1.0,6.0,1.0,"{""1"": 8, ""2"": 8, ""3"": 8, ""4"": 8, ""5"": 8, ""6"": 6, ""7"": 6}"
"[8, 6]",publication_batch_instances\nominal\case_50_seed23,Synthetic,lognormal,case,8.0,1.0,7.428571428571429,1.0,6.0,1.0,"{""1"": 8, ""2"": 8, ""3"": 8, ""4"": 8, ""5"": 8, ""6"": 6, ""7"": 6}",0.8,6,4,0.9,7,50,0.6666666666666666,No downstream stress adjustment.,0.5,nominal,23,8.0,1.0,7.428571428571429,1.0,6.0,1.0,"{""1"": 8, ""2"": 8, ""3"": 8, ""4"": 8, ""5"": 8, ""6"": 6, ""7"": 6}"
"[8, 6]",publication_batch_instances\nominal\case_50_seed29,Synthetic,lognormal,case,8.0,1.0,7.428571428571429,1.0,6.0,1.0,"{""1"": 8, ""2"": 8, ""3"": 8, ""4"": 8, ""5"": 8, ""6"": 6, ""7"": 6}",0.8,6,2,0.9,7,50,0.3333333333333333,No downstream stress adjustment.,0.5,nominal,29,8.0,1.0,7.428571428571429,1.0,6.0,1.0,"{""1"": 8, ""2"": 8, ""3"": 8, ""4"": 8, ""5"": 8, ""6"": 6, ""7"": 6}"
"[8, 6]",publication_batch_instances\nominal\case_50_seed31,Synthetic,lognormal,case,8.0,1.0,7.428571428571429,1.0,6.0,1.0,"{""1"": 8, ""2"": 8, ""3"": 8, ""4"": 8, ""5"": 8, ""6"": 6, ""7"": 6}",0.8,6,1,0.9,7,50,0.16666666666666666,No downstream stress adjustment.,0.5,nominal,31,8.0,1.0,7.428571428571429,1.0,6.0,1.0,"{""1"": 8, ""2"": 8, ""3"": 8, ""4"": 8, ""5"": 8, ""6"": 6, ""7"": 6}"
"[8, 6]",publication_batch_instances\nominal\case_50_seed37,Synthetic,lognormal,case,8.0,1.0,7.428571428571429,1.0,6.0,1.0,"{""1"": 8, ""2"": 8, ""3"": 8, ""4"": 8, ""5"": 8, ""6"": 6, ""7"": 6}",0.8,6,3,0.9,7,50,0.5,No downstream stress adjustment.,0.5,nominal,37,8.0,1.0,7.428571428571429,1.0,6.0,1.0,"{""1"": 8, ""2"": 8, ""3"": 8, ""4"": 8, ""5"": 8, ""6"": 6, ""7"": 6}"
"[8, 6]",publication_batch_instances\nominal\case_50_seed41,Synthetic,lognormal,case,8.0,1.0,7.428571428571429,1.0,6.0,1.0,"{""1"": 8, ""2"": 8, ""3"": 8, ""4"": 8, ""5"": 8, ""6"": 6, ""7"": 6}",0.8,6,3,0.9,7,50,0.5,No downstream stress adjustment.,0.5,nominal,41,8.0,1.0,7.428571428571429,1.0,6.0,1.0,"{""1"": 8, ""2"": 8, ""3"": 8, ""4"": 8, ""5"": 8, ""6"": 6, ""7"": 6}"
"[8, 6]",publication_batch_instances\nominal\case_50_seed43,Synthetic,lognormal,case,8.0,1.0,7.428571428571429,1.0,6.0,1.0,"{""1"": 8, ""2"": 8, ""3"": 8, ""4"": 8, ""5"": 8, ""6"": 6, ""7"": 6}",0.8,6,6,0.9,7,50,1.0,No downstream stress adjustment.,0.5,nominal,43,8.0,1.0,7.428571428571429,1.0,6.0,1.0,"{""1"": 8, ""2"": 8, ""3"": 8, ""4"": 8, ""5"": 8, ""6"": 6, ""7"": 6}"
"[8, 6]",publication_batch_instances\nominal\case_50_seed47,Synthetic,lognormal,case,8.0,1.0,7.428571428571429,1.0,6.0,1.0,"{""1"": 8, ""2"": 8, ""3"": 8, ""4"": 8, ""5"": 8, ""6"": 6, ""7"": 6}",0.8,6,4,0.9,7,50,0.6666666666666666,No downstream stress adjustment.,0.5,nominal,47,8.0,1.0,7.428571428571429,1.0,6.0,1.0,"{""1"": 8, ""2"": 8, ""3"": 8, ""4"": 8, ""5"": 8, ""6"": 6, ""7"": 6}"
"[8, 6]",publication_batch_instances\transfer_bottleneck\case_50_seed7,Synthetic,lognormal,case,8.0,1.0,7.428571428571429,1.0,6.0,1.0,"{""1"": 8, ""2"": 8, ""3"": 8, ""4"": 8, ""5"": 8, ""6"": 6, ""7"": 6}",0.8,6,3,0.9,7,50,0.5,Ward capacity reduced by 25% on days 3--5 to create a transfer bottleneck.,0.5,transfer_bottleneck,7,8.0,1.0,6.571428571428571,0.8846153846153846,6.0,1.0,"{""1"": 8, ""2"": 8, ""3"": 6, ""4"": 6, ""5"": 6, ""6"": 6, ""7"": 6}"
"[8, 6]",publication_batch_instances\transfer_bottleneck\case_50_seed11,Synthetic,lognormal,case,8.0,1.0,7.428571428571429,1.0,6.0,1.0,"{""1"": 8, ""2"": 8, ""3"": 8, ""4"": 8, ""5"": 8, ""6"": 6, ""7"": 6}",0.8,6,3,0.9,7,50,0.5,Ward capacity reduced by 25% on days 3--5 to create a transfer bottleneck.,0.5,transfer_bottleneck,11,8.0,1.0,6.571428571428571,0.8846153846153846,6.0,1.0,"{""1"": 8, ""2"": 8, ""3"": 6, ""4"": 6, ""5"": 6, ""6"": 6, ""7"": 6}"
"[8, 6]",publication_batch_instances\transfer_bottleneck\case_50_seed19,Synthetic,lognormal,case,8.0,1.0,7.428571428571429,1.0,6.0,1.0,"{""1"": 8, ""2"": 8, ""3"": 8, ""4"": 8, ""5"": 8, ""6"": 6, ""7"": 6}",0.8,6,2,0.9,7,50,0.3333333333333333,Ward capacity reduced by 25% on days 3--5 to create a transfer bottleneck.,0.5,transfer_bottleneck,19,8.0,1.0,6.571428571428571,0.8846153846153846,6.0,1.0,"{""1"": 8, ""2"": 8, ""3"": 6, ""4"": 6, ""5"": 6, ""6"": 6, ""7"": 6}"
"[8, 6]",publication_batch_instances\transfer_bottleneck\case_50_seed23,Synthetic,lognormal,case,8.0,1.0,7.428571428571429,1.0,6.0,1.0,"{""1"": 8, ""2"": 8, ""3"": 8, ""4"": 8, ""5"": 8, ""6"": 6, ""7"": 6}",0.8,6,4,0.9,7,50,0.6666666666666666,Ward capacity reduced by 25% on days 3--5 to create a transfer bottleneck.,0.5,transfer_bottleneck,23,8.0,1.0,6.571428571428571,0.8846153846153846,6.0,1.0,"{""1"": 8, ""2"": 8, ""3"": 6, ""4"": 6, ""5"": 6, ""6"": 6, ""7"": 6}"
"[8, 6]",publication_batch_instances\transfer_bottleneck\case_50_seed29,Synthetic,lognormal,case,8.0,1.0,7.428571428571429,1.0,6.0,1.0,"{""1"": 8, ""2"": 8, ""3"": 8, ""4"": 8, ""5"": 8, ""6"": 6, ""7"": 6}",0.8,6,2,0.9,7,50,0.3333333333333333,Ward capacity reduced by 25% on days 3--5 to create a transfer bottleneck.,0.5,transfer_bottleneck,29,8.0,1.0,6.571428571428571,0.8846153846153846,6.0,1.0,"{""1"": 8, ""2"": 8, ""3"": 6, ""4"": 6, ""5"": 6, ""6"": 6, ""7"": 6}"
"[8, 6]",publication_batch_instances\transfer_bottleneck\case_50_seed31,Synthetic,lognormal,case,8.0,1.0,7.428571428571429,1.0,6.0,1.0,"{""1"": 8, ""2"": 8, ""3"": 8, ""4"": 8, ""5"": 8, ""6"": 6, ""7"": 6}",0.8,6,1,0.9,7,50,0.16666666666666666,Ward capacity reduced by 25% on days 3--5 to create a transfer bottleneck.,0.5,transfer_bottleneck,31,8.0,1.0,6.571428571428571,0.8846153846153846,6.0,1.0,"{""1"": 8, ""2"": 8, ""3"": 6, ""4"": 6, ""5"": 6, ""6"": 6, ""7"": 6}"
"[8, 6]",publication_batch_instances\transfer_bottleneck\case_50_seed37,Synthetic,lognormal,case,8.0,1.0,7.428571428571429,1.0,6.0,1.0,"{""1"": 8, ""2"": 8, ""3"": 8, ""4"": 8, ""5"": 8, ""6"": 6, ""7"": 6}",0.8,6,3,0.9,7,50,0.5,Ward capacity reduced by 25% on days 3--5 to create a transfer bottleneck.,0.5,transfer_bottleneck,37,8.0,1.0,6.571428571428571,0.8846153846153846,6.0,1.0,"{""1"": 8, ""2"": 8, ""3"": 6, ""4"": 6, ""5"": 6, ""6"": 6, ""7"": 6}"
"[8, 6]",publication_batch_instances\transfer_bottleneck\case_50_seed41,Synthetic,lognormal,case,8.0,1.0,7.428571428571429,1.0,6.0,1.0,"{""1"": 8, ""2"": 8, ""3"": 8, ""4"": 8, ""5"": 8, ""6"": 6, ""7"": 6}",0.8,6,3,0.9,7,50,0.5,Ward capacity reduced by 25% on days 3--5 to create a transfer bottleneck.,0.5,transfer_bottleneck,41,8.0,1.0,6.571428571428571,0.8846153846153846,6.0,1.0,"{""1"": 8, ""2"": 8, ""3"": 6, ""4"": 6, ""5"": 6, ""6"": 6, ""7"": 6}"
"[8, 6]",publication_batch_instances\transfer_bottleneck\case_50_seed43,Synthetic,lognormal,case,8.0,1.0,7.428571428571429,1.0,6.0,1.0,"{""1"": 8, ""2"": 8, ""3"": 8, ""4"": 8, ""5"": 8, ""6"": 6, ""7"": 6}",0.8,6,6,0.9,7,50,1.0,Ward capacity reduced by 25% on days 3--5 to create a transfer bottleneck.,0.5,transfer_bottleneck,43,8.0,1.0,6.571428571428571,0.8846153846153846,6.0,1.0,"{""1"": 8, ""2"": 8, ""3"": 6, ""4"": 6, ""5"": 6, ""6"": 6, ""7"": 6}"
"[8, 6]",publication_batch_instances\transfer_bottleneck\case_50_seed47,Synthetic,lognormal,case,8.0,1.0,7.428571428571429,1.0,6.0,1.0,"{""1"": 8, ""2"": 8, ""3"": 8, ""4"": 8, ""5"": 8, ""6"": 6, ""7"": 6}",0.8,6,4,0.9,7,50,0.6666666666666666,Ward capacity reduced by 25% on days 3--5 to create a transfer bottleneck.,0.5,transfer_bottleneck,47,8.0,1.0,6.571428571428571,0.8846153846153846,6.0,1.0,"{""1"": 8, ""2"": 8, ""3"": 6, ""4"": 6, ""5"": 6, ""6"": 6, ""7"": 6}"
"[8, 6]",publication_batch_instances\ward_pressure\case_50_seed7,Synthetic,lognormal,case,8.0,1.0,7.428571428571429,1.0,6.0,1.0,"{""1"": 8, ""2"": 8, ""3"": 8, ""4"": 8, ""5"": 8, ""6"": 6, ""7"": 6}",0.8,6,3,0.9,7,50,0.5,Ward capacity reduced by 10% on all planning days.,0.5,ward_pressure,7,7.0,0.875,6.428571428571429,0.8653846153846154,5.0,0.8333333333333334,"{""1"": 7, ""2"": 7, ""3"": 7, ""4"": 7, ""5"": 7, ""6"": 5, ""7"": 5}"
"[8, 6]",publication_batch_instances\ward_pressure\case_50_seed11,Synthetic,lognormal,case,8.0,1.0,7.428571428571429,1.0,6.0,1.0,"{""1"": 8, ""2"": 8, ""3"": 8, ""4"": 8, ""5"": 8, ""6"": 6, ""7"": 6}",0.8,6,3,0.9,7,50,0.5,Ward capacity reduced by 10% on all planning days.,0.5,ward_pressure,11,7.0,0.875,6.428571428571429,0.8653846153846154,5.0,0.8333333333333334,"{""1"": 7, ""2"": 7, ""3"": 7, ""4"": 7, ""5"": 7, ""6"": 5, ""7"": 5}"
"[8, 6]",publication_batch_instances\ward_pressure\case_50_seed19,Synthetic,lognormal,case,8.0,1.0,7.428571428571429,1.0,6.0,1.0,"{""1"": 8, ""2"": 8, ""3"": 8, ""4"": 8, ""5"": 8, ""6"": 6, ""7"": 6}",0.8,6,2,0.9,7,50,0.3333333333333333,Ward capacity reduced by 10% on all planning days.,0.5,ward_pressure,19,7.0,0.875,6.428571428571429,0.8653846153846154,5.0,0.8333333333333334,"{""1"": 7, ""2"": 7, ""3"": 7, ""4"": 7, ""5"": 7, ""6"": 5, ""7"": 5}"
"[8, 6]",publication_batch_instances\ward_pressure\case_50_seed23,Synthetic,lognormal,case,8.0,1.0,7.428571428571429,1.0,6.0,1.0,"{""1"": 8, ""2"": 8, ""3"": 8, ""4"": 8, ""5"": 8, ""6"": 6, ""7"": 6}",0.8,6,4,0.9,7,50,0.6666666666666666,Ward capacity reduced by 10% on all planning days.,0.5,ward_pressure,23,7.0,0.875,6.428571428571429,0.8653846153846154,5.0,0.8333333333333334,"{""1"": 7, ""2"": 7, ""3"": 7, ""4"": 7, ""5"": 7, ""6"": 5, ""7"": 5}"
"[8, 6]",publication_batch_instances\ward_pressure\case_50_seed29,Synthetic,lognormal,case,8.0,1.0,7.428571428571429,1.0,6.0,1.0,"{""1"": 8, ""2"": 8, ""3"": 8, ""4"": 8, ""5"": 8, ""6"": 6, ""7"": 6}",0.8,6,2,0.9,7,50,0.3333333333333333,Ward capacity reduced by 10% on all planning days.,0.5,ward_pressure,29,7.0,0.875,6.428571428571429,0.8653846153846154,5.0,0.8333333333333334,"{""1"": 7, ""2"": 7, ""3"": 7, ""4"": 7, ""5"": 7, ""6"": 5, ""7"": 5}"
"[8, 6]",publication_batch_instances\ward_pressure\case_50_seed31,Synthetic,lognormal,case,8.0,1.0,7.428571428571429,1.0,6.0,1.0,"{""1"": 8, ""2"": 8, ""3"": 8, ""4"": 8, ""5"": 8, ""6"": 6, ""7"": 6}",0.8,6,1,0.9,7,50,0.16666666666666666,Ward capacity reduced by 10% on all planning days.,0.5,ward_pressure,31,7.0,0.875,6.428571428571429,0.8653846153846154,5.0,0.8333333333333334,"{""1"": 7, ""2"": 7, ""3"": 7, ""4"": 7, ""5"": 7, ""6"": 5, ""7"": 5}"
"[8, 6]",publication_batch_instances\ward_pressure\case_50_seed37,Synthetic,lognormal,case,8.0,1.0,7.428571428571429,1.0,6.0,1.0,"{""1"": 8, ""2"": 8, ""3"": 8, ""4"": 8, ""5"": 8, ""6"": 6, ""7"": 6}",0.8,6,3,0.9,7,50,0.5,Ward capacity reduced by 10% on all planning days.,0.5,ward_pressure,37,7.0,0.875,6.428571428571429,0.8653846153846154,5.0,0.8333333333333334,"{""1"": 7, ""2"": 7, ""3"": 7, ""4"": 7, ""5"": 7, ""6"": 5, ""7"": 5}"
"[8, 6]",publication_batch_instances\ward_pressure\case_50_seed41,Synthetic,lognormal,case,8.0,1.0,7.428571428571429,1.0,6.0,1.0,"{""1"": 8, ""2"": 8, ""3"": 8, ""4"": 8, ""5"": 8, ""6"": 6, ""7"": 6}",0.8,6,3,0.9,7,50,0.5,Ward capacity reduced by 10% on all planning days.,0.5,ward_pressure,41,7.0,0.875,6.428571428571429,0.8653846153846154,5.0,0.8333333333333334,"{""1"": 7, ""2"": 7, ""3"": 7, ""4"": 7, ""5"": 7, ""6"": 5, ""7"": 5}"
"[8, 6]",publication_batch_instances\ward_pressure\case_50_seed43,Synthetic,lognormal,case,8.0,1.0,7.428571428571429,1.0,6.0,1.0,"{""1"": 8, ""2"": 8, ""3"": 8, ""4"": 8, ""5"": 8, ""6"": 6, ""7"": 6}",0.8,6,6,0.9,7,50,1.0,Ward capacity reduced by 10% on all planning days.,0.5,ward_pressure,43,7.0,0.875,6.428571428571429,0.8653846153846154,5.0,0.8333333333333334,"{""1"": 7, ""2"": 7, ""3"": 7, ""4"": 7, ""5"": 7, ""6"": 5, ""7"": 5}"
"[8, 6]",publication_batch_instances\ward_pressure\case_50_seed47,Synthetic,lognormal,case,8.0,1.0,7.428571428571429,1.0,6.0,1.0,"{""1"": 8, ""2"": 8, ""3"": 8, ""4"": 8, ""5"": 8, ""6"": 6, ""7"": 6}",0.8,6,4,0.9,7,50,0.6666666666666666,Ward capacity reduced by 10% on all planning days.,0.5,ward_pressure,47,7.0,0.875,6.428571428571429,0.8653846153846154,5.0,0.8333333333333334,"{""1"": 7, ""2"": 7, ""3"": 7, ""4"": 7, ""5"": 7, ""6"": 5, ""7"": 5}"
"[10, 7]",publication_batch_instances\nominal\case_70_seed7,Synthetic,lognormal,case,10.0,1.0,9.142857142857142,1.0,7.0,1.0,"{""1"": 10, ""2"": 10, ""3"": 10, ""4"": 10, ""5"": 10, ""6"": 7, ""7"": 7}",0.8,8,3,0.9,9,70,0.375,No downstream stress adjustment.,0.5,nominal,7,10.0,1.0,9.142857142857142,1.0,7.0,1.0,"{""1"": 10, ""2"": 10, ""3"": 10, ""4"": 10, ""5"": 10, ""6"": 7, ""7"": 7}"
"[10, 7]",publication_batch_instances\nominal\case_70_seed11,Synthetic,lognormal,case,10.0,1.0,9.142857142857142,1.0,7.0,1.0,"{""1"": 10, ""2"": 10, ""3"": 10, ""4"": 10, ""5"": 10, ""6"": 7, ""7"": 7}",0.8,8,4,0.9,9,70,0.5,No downstream stress adjustment.,0.5,nominal,11,10.0,1.0,9.142857142857142,1.0,7.0,1.0,"{""1"": 10, ""2"": 10, ""3"": 10, ""4"": 10, ""5"": 10, ""6"": 7, ""7"": 7}"
"[10, 7]",publication_batch_instances\nominal\case_70_seed19,Synthetic,lognormal,case,10.0,1.0,9.142857142857142,1.0,7.0,1.0,"{""1"": 10, ""2"": 10, ""3"": 10, ""4"": 10, ""5"": 10, ""6"": 7, ""7"": 7}",0.8,8,3,0.9,9,70,0.375,No downstream stress adjustment.,0.5,nominal,19,10.0,1.0,9.142857142857142,1.0,7.0,1.0,"{""1"": 10, ""2"": 10, ""3"": 10, ""4"": 10, ""5"": 10, ""6"": 7, ""7"": 7}"
"[10, 7]",publication_batch_instances\nominal\case_70_seed23,Synthetic,lognormal,case,10.0,1.0,9.142857142857142,1.0,7.0,1.0,"{""1"": 10, ""2"": 10, ""3"": 10, ""4"": 10, ""5"": 10, ""6"": 7, ""7"": 7}",0.8,8,5,0.9,9,70,0.625,No downstream stress adjustment.,0.5,nominal,23,10.0,1.0,9.142857142857142,1.0,7.0,1.0,"{""1"": 10, ""2"": 10, ""3"": 10, ""4"": 10, ""5"": 10, ""6"": 7, ""7"": 7}"
"[10, 7]",publication_batch_instances\nominal\case_70_seed29,Synthetic,lognormal,case,10.0,1.0,9.142857142857142,1.0,7.0,1.0,"{""1"": 10, ""2"": 10, ""3"": 10, ""4"": 10, ""5"": 10, ""6"": 7, ""7"": 7}",0.8,8,3,0.9,9,70,0.375,No downstream stress adjustment.,0.5,nominal,29,10.0,1.0,9.142857142857142,1.0,7.0,1.0,"{""1"": 10, ""2"": 10, ""3"": 10, ""4"": 10, ""5"": 10, ""6"": 7, ""7"": 7}"
"[10, 7]",publication_batch_instances\nominal\case_70_seed31,Synthetic,lognormal,case,10.0,1.0,9.142857142857142,1.0,7.0,1.0,"{""1"": 10, ""2"": 10, ""3"": 10, ""4"": 10, ""5"": 10, ""6"": 7, ""7"": 7}",0.8,8,2,0.9,9,70,0.25,No downstream stress adjustment.,0.5,nominal,31,10.0,1.0,9.142857142857142,1.0,7.0,1.0,"{""1"": 10, ""2"": 10, ""3"": 10, ""4"": 10, ""5"": 10, ""6"": 7, ""7"": 7}"
"[10, 7]",publication_batch_instances\nominal\case_70_seed37,Synthetic,lognormal,case,10.0,1.0,9.142857142857142,1.0,7.0,1.0,"{""1"": 10, ""2"": 10, ""3"": 10, ""4"": 10, ""5"": 10, ""6"": 7, ""7"": 7}",0.8,8,4,0.9,9,70,0.5,No downstream stress adjustment.,0.5,nominal,37,10.0,1.0,9.142857142857142,1.0,7.0,1.0,"{""1"": 10, ""2"": 10, ""3"": 10, ""4"": 10, ""5"": 10, ""6"": 7, ""7"": 7}"
"[10, 7]",publication_batch_instances\nominal\case_70_seed41,Synthetic,lognormal,case,10.0,1.0,9.142857142857142,1.0,7.0,1.0,"{""1"": 10, ""2"": 10, ""3"": 10, ""4"": 10, ""5"": 10, ""6"": 7, ""7"": 7}",0.8,8,5,0.9,9,70,0.625,No downstream stress adjustment.,0.5,nominal,41,10.0,1.0,9.142857142857142,1.0,7.0,1.0,"{""1"": 10, ""2"": 10, ""3"": 10, ""4"": 10, ""5"": 10, ""6"": 7, ""7"": 7}"
"[10, 7]",publication_batch_instances\nominal\case_70_seed43,Synthetic,lognormal,case,10.0,1.0,9.142857142857142,1.0,7.0,1.0,"{""1"": 10, ""2"": 10, ""3"": 10, ""4"": 10, ""5"": 10, ""6"": 7, ""7"": 7}",0.8,8,8,0.9,9,70,1.0,No downstream stress adjustment.,0.5,nominal,43,10.0,1.0,9.142857142857142,1.0,7.0,1.0,"{""1"": 10, ""2"": 10, ""3"": 10, ""4"": 10, ""5"": 10, ""6"": 7, ""7"": 7}"
"[10, 7]",publication_batch_instances\nominal\case_70_seed47,Synthetic,lognormal,case,10.0,1.0,9.142857142857142,1.0,7.0,1.0,"{""1"": 10, ""2"": 10, ""3"": 10, ""4"": 10, ""5"": 10, ""6"": 7, ""7"": 7}",0.8,8,4,0.9,9,70,0.5,No downstream stress adjustment.,0.5,nominal,47,10.0,1.0,9.142857142857142,1.0,7.0,1.0,"{""1"": 10, ""2"": 10, ""3"": 10, ""4"": 10, ""5"": 10, ""6"": 7, ""7"": 7}"
"[10, 7]",publication_batch_instances\transfer_bottleneck\case_70_seed7,Synthetic,lognormal,case,10.0,1.0,9.142857142857142,1.0,7.0,1.0,"{""1"": 10, ""2"": 10, ""3"": 10, ""4"": 10, ""5"": 10, ""6"": 7, ""7"": 7}",0.8,8,3,0.9,9,70,0.375,Ward capacity reduced by 25% on days 3--5 to create a transfer bottleneck.,0.5,transfer_bottleneck,7,10.0,1.0,7.857142857142857,0.859375,7.0,1.0,"{""1"": 10, ""2"": 10, ""3"": 7, ""4"": 7, ""5"": 7, ""6"": 7, ""7"": 7}"
"[10, 7]",publication_batch_instances\transfer_bottleneck\case_70_seed11,Synthetic,lognormal,case,10.0,1.0,9.142857142857142,1.0,7.0,1.0,"{""1"": 10, ""2"": 10, ""3"": 10, ""4"": 10, ""5"": 10, ""6"": 7, ""7"": 7}",0.8,8,4,0.9,9,70,0.5,Ward capacity reduced by 25% on days 3--5 to create a transfer bottleneck.,0.5,transfer_bottleneck,11,10.0,1.0,7.857142857142857,0.859375,7.0,1.0,"{""1"": 10, ""2"": 10, ""3"": 7, ""4"": 7, ""5"": 7, ""6"": 7, ""7"": 7}"
"[10, 7]",publication_batch_instances\transfer_bottleneck\case_70_seed19,Synthetic,lognormal,case,10.0,1.0,9.142857142857142,1.0,7.0,1.0,"{""1"": 10, ""2"": 10, ""3"": 10, ""4"": 10, ""5"": 10, ""6"": 7, ""7"": 7}",0.8,8,3,0.9,9,70,0.375,Ward capacity reduced by 25% on days 3--5 to create a transfer bottleneck.,0.5,transfer_bottleneck,19,10.0,1.0,7.857142857142857,0.859375,7.0,1.0,"{""1"": 10, ""2"": 10, ""3"": 7, ""4"": 7, ""5"": 7, ""6"": 7, ""7"": 7}"
"[10, 7]",publication_batch_instances\transfer_bottleneck\case_70_seed23,Synthetic,lognormal,case,10.0,1.0,9.142857142857142,1.0,7.0,1.0,"{""1"": 10, ""2"": 10, ""3"": 10, ""4"": 10, ""5"": 10, ""6"": 7, ""7"": 7}",0.8,8,5,0.9,9,70,0.625,Ward capacity reduced by 25% on days 3--5 to create a transfer bottleneck.,0.5,transfer_bottleneck,23,10.0,1.0,7.857142857142857,0.859375,7.0,1.0,"{""1"": 10, ""2"": 10, ""3"": 7, ""4"": 7, ""5"": 7, ""6"": 7, ""7"": 7}"
"[10, 7]",publication_batch_instances\transfer_bottleneck\case_70_seed29,Synthetic,lognormal,case,10.0,1.0,9.142857142857142,1.0,7.0,1.0,"{""1"": 10, ""2"": 10, ""3"": 10, ""4"": 10, ""5"": 10, ""6"": 7, ""7"": 7}",0.8,8,3,0.9,9,70,0.375,Ward capacity reduced by 25% on days 3--5 to create a transfer bottleneck.,0.5,transfer_bottleneck,29,10.0,1.0,7.857142857142857,0.859375,7.0,1.0,"{""1"": 10, ""2"": 10, ""3"": 7, ""4"": 7, ""5"": 7, ""6"": 7, ""7"": 7}"
"[10, 7]",publication_batch_instances\transfer_bottleneck\case_70_seed31,Synthetic,lognormal,case,10.0,1.0,9.142857142857142,1.0,7.0,1.0,"{""1"": 10, ""2"": 10, ""3"": 10, ""4"": 10, ""5"": 10, ""6"": 7, ""7"": 7}",0.8,8,2,0.9,9,70,0.25,Ward capacity reduced by 25% on days 3--5 to create a transfer bottleneck.,0.5,transfer_bottleneck,31,10.0,1.0,7.857142857142857,0.859375,7.0,1.0,"{""1"": 10, ""2"": 10, ""3"": 7, ""4"": 7, ""5"": 7, ""6"": 7, ""7"": 7}"
"[10, 7]",publication_batch_instances\transfer_bottleneck\case_70_seed37,Synthetic,lognormal,case,10.0,1.0,9.142857142857142,1.0,7.0,1.0,"{""1"": 10, ""2"": 10, ""3"": 10, ""4"": 10, ""5"": 10, ""6"": 7, ""7"": 7}",0.8,8,4,0.9,9,70,0.5,Ward capacity reduced by 25% on days 3--5 to create a transfer bottleneck.,0.5,transfer_bottleneck,37,10.0,1.0,7.857142857142857,0.859375,7.0,1.0,"{""1"": 10, ""2"": 10, ""3"": 7, ""4"": 7, ""5"": 7, ""6"": 7, ""7"": 7}"
"[10, 7]",publication_batch_instances\transfer_bottleneck\case_70_seed41,Synthetic,lognormal,case,10.0,1.0,9.142857142857142,1.0,7.0,1.0,"{""1"": 10, ""2"": 10, ""3"": 10, ""4"": 10, ""5"": 10, ""6"": 7, ""7"": 7}",0.8,8,5,0.9,9,70,0.625,Ward capacity reduced by 25% on days 3--5 to create a transfer bottleneck.,0.5,transfer_bottleneck,41,10.0,1.0,7.857142857142857,0.859375,7.0,1.0,"{""1"": 10, ""2"": 10, ""3"": 7, ""4"": 7, ""5"": 7, ""6"": 7, ""7"": 7}"
"[10, 7]",publication_batch_instances\transfer_bottleneck\case_70_seed43,Synthetic,lognormal,case,10.0,1.0,9.142857142857142,1.0,7.0,1.0,"{""1"": 10, ""2"": 10, ""3"": 10, ""4"": 10, ""5"": 10, ""6"": 7, ""7"": 7}",0.8,8,8,0.9,9,70,1.0,Ward capacity reduced by 25% on days 3--5 to create a transfer bottleneck.,0.5,transfer_bottleneck,43,10.0,1.0,7.857142857142857,0.859375,7.0,1.0,"{""1"": 10, ""2"": 10, ""3"": 7, ""4"": 7, ""5"": 7, ""6"": 7, ""7"": 7}"
"[10, 7]",publication_batch_instances\transfer_bottleneck\case_70_seed47,Synthetic,lognormal,case,10.0,1.0,9.142857142857142,1.0,7.0,1.0,"{""1"": 10, ""2"": 10, ""3"": 10, ""4"": 10, ""5"": 10, ""6"": 7, ""7"": 7}",0.8,8,4,0.9,9,70,0.5,Ward capacity reduced by 25% on days 3--5 to create a transfer bottleneck.,0.5,transfer_bottleneck,47,10.0,1.0,7.857142857142857,0.859375,7.0,1.0,"{""1"": 10, ""2"": 10, ""3"": 7, ""4"": 7, ""5"": 7, ""6"": 7, ""7"": 7}"
"[10, 7]",publication_batch_instances\ward_pressure\case_70_seed7,Synthetic,lognormal,case,10.0,1.0,9.142857142857142,1.0,7.0,1.0,"{""1"": 10, ""2"": 10, ""3"": 10, ""4"": 10, ""5"": 10, ""6"": 7, ""7"": 7}",0.8,8,3,0.9,9,70,0.375,Ward capacity reduced by 10% on all planning days.,0.5,ward_pressure,7,9.0,0.9,8.142857142857142,0.890625,6.0,0.8571428571428571,"{""1"": 9, ""2"": 9, ""3"": 9, ""4"": 9, ""5"": 9, ""6"": 6, ""7"": 6}"
"[10, 7]",publication_batch_instances\ward_pressure\case_70_seed11,Synthetic,lognormal,case,10.0,1.0,9.142857142857142,1.0,7.0,1.0,"{""1"": 10, ""2"": 10, ""3"": 10, ""4"": 10, ""5"": 10, ""6"": 7, ""7"": 7}",0.8,8,4,0.9,9,70,0.5,Ward capacity reduced by 10% on all planning days.,0.5,ward_pressure,11,9.0,0.9,8.142857142857142,0.890625,6.0,0.8571428571428571,"{""1"": 9, ""2"": 9, ""3"": 9, ""4"": 9, ""5"": 9, ""6"": 6, ""7"": 6}"
"[10, 7]",publication_batch_instances\ward_pressure\case_70_seed19,Synthetic,lognormal,case,10.0,1.0,9.142857142857142,1.0,7.0,1.0,"{""1"": 10, ""2"": 10, ""3"": 10, ""4"": 10, ""5"": 10, ""6"": 7, ""7"": 7}",0.8,8,3,0.9,9,70,0.375,Ward capacity reduced by 10% on all planning days.,0.5,ward_pressure,19,9.0,0.9,8.142857142857142,0.890625,6.0,0.8571428571428571,"{""1"": 9, ""2"": 9, ""3"": 9, ""4"": 9, ""5"": 9, ""6"": 6, ""7"": 6}"
"[10, 7]",publication_batch_instances\ward_pressure\case_70_seed23,Synthetic,lognormal,case,10.0,1.0,9.142857142857142,1.0,7.0,1.0,"{""1"": 10, ""2"": 10, ""3"": 10, ""4"": 10, ""5"": 10, ""6"": 7, ""7"": 7}",0.8,8,5,0.9,9,70,0.625,Ward capacity reduced by 10% on all planning days.,0.5,ward_pressure,23,9.0,0.9,8.142857142857142,0.890625,6.0,0.8571428571428571,"{""1"": 9, ""2"": 9, ""3"": 9, ""4"": 9, ""5"": 9, ""6"": 6, ""7"": 6}"
"[10, 7]",publication_batch_instances\ward_pressure\case_70_seed29,Synthetic,lognormal,case,10.0,1.0,9.142857142857142,1.0,7.0,1.0,"{""1"": 10, ""2"": 10, ""3"": 10, ""4"": 10, ""5"": 10, ""6"": 7, ""7"": 7}",0.8,8,3,0.9,9,70,0.375,Ward capacity reduced by 10% on all planning days.,0.5,ward_pressure,29,9.0,0.9,8.142857142857142,0.890625,6.0,0.8571428571428571,"{""1"": 9, ""2"": 9, ""3"": 9, ""4"": 9, ""5"": 9, ""6"": 6, ""7"": 6}"
"[10, 7]",publication_batch_instances\ward_pressure\case_70_seed31,Synthetic,lognormal,case,10.0,1.0,9.142857142857142,1.0,7.0,1.0,"{""1"": 10, ""2"": 10, ""3"": 10, ""4"": 10, ""5"": 10, ""6"": 7, ""7"": 7}",0.8,8,2,0.9,9,70,0.25,Ward capacity reduced by 10% on all planning days.,0.5,ward_pressure,31,9.0,0.9,8.142857142857142,0.890625,6.0,0.8571428571428571,"{""1"": 9, ""2"": 9, ""3"": 9, ""4"": 9, ""5"": 9, ""6"": 6, ""7"": 6}"
"[10, 7]",publication_batch_instances\ward_pressure\case_70_seed37,Synthetic,lognormal,case,10.0,1.0,9.142857142857142,1.0,7.0,1.0,"{""1"": 10, ""2"": 10, ""3"": 10, ""4"": 10, ""5"": 10, ""6"": 7, ""7"": 7}",0.8,8,4,0.9,9,70,0.5,Ward capacity reduced by 10% on all planning days.,0.5,ward_pressure,37,9.0,0.9,8.142857142857142,0.890625,6.0,0.8571428571428571,"{""1"": 9, ""2"": 9, ""3"": 9, ""4"": 9, ""5"": 9, ""6"": 6, ""7"": 6}"
"[10, 7]",publication_batch_instances\ward_pressure\case_70_seed41,Synthetic,lognormal,case,10.0,1.0,9.142857142857142,1.0,7.0,1.0,"{""1"": 10, ""2"": 10, ""3"": 10, ""4"": 10, ""5"": 10, ""6"": 7, ""7"": 7}",0.8,8,5,0.9,9,70,0.625,Ward capacity reduced by 10% on all planning days.,0.5,ward_pressure,41,9.0,0.9,8.142857142857142,0.890625,6.0,0.8571428571428571,"{""1"": 9, ""2"": 9, ""3"": 9, ""4"": 9, ""5"": 9, ""6"": 6, ""7"": 6}"
"[10, 7]",publication_batch_instances\ward_pressure\case_70_seed43,Synthetic,lognormal,case,10.0,1.0,9.142857142857142,1.0,7.0,1.0,"{""1"": 10, ""2"": 10, ""3"": 10, ""4"": 10, ""5"": 10, ""6"": 7, ""7"": 7}",0.8,8,8,0.9,9,70,1.0,Ward capacity reduced by 10% on all planning days.,0.5,ward_pressure,43,9.0,0.9,8.142857142857142,0.890625,6.0,0.8571428571428571,"{""1"": 9, ""2"": 9, ""3"": 9, ""4"": 9, ""5"": 9, ""6"": 6, ""7"": 6}"
"[10, 7]",publication_batch_instances\ward_pressure\case_70_seed47,Synthetic,lognormal,case,10.0,1.0,9.142857142857142,1.0,7.0,1.0,"{""1"": 10, ""2"": 10, ""3"": 10, ""4"": 10, ""5"": 10, ""6"": 7, ""7"": 7}",0.8,8,4,0.9,9,70,0.5,Ward capacity reduced by 10% on all planning days.,0.5,ward_pressure,47,9.0,0.9,8.142857142857142,0.890625,6.0,0.8571428571428571,"{""1"": 9, ""2"": 9, ""3"": 9, ""4"": 9, ""5"": 9, ""6"": 6, ""7"": 6}"
"[13, 9]",publication_batch_instances\nominal\case_100_seed7,Synthetic,lognormal,case,13.0,1.0,11.857142857142858,1.0,9.0,1.0,"{""1"": 13, ""2"": 13, ""3"": 13, ""4"": 13, ""5"": 13, ""6"": 9, ""7"": 9}",0.8,10,5,0.9,12,100,0.5,No downstream stress adjustment.,0.5,nominal,7,13.0,1.0,11.857142857142858,1.0,9.0,1.0,"{""1"": 13, ""2"": 13, ""3"": 13, ""4"": 13, ""5"": 13, ""6"": 9, ""7"": 9}"
"[13, 9]",publication_batch_instances\nominal\case_100_seed11,Synthetic,lognormal,case,13.0,1.0,11.857142857142858,1.0,9.0,1.0,"{""1"": 13, ""2"": 13, ""3"": 13, ""4"": 13, ""5"": 13, ""6"": 9, ""7"": 9}",0.8,10,6,0.9,12,100,0.6,No downstream stress adjustment.,0.5,nominal,11,13.0,1.0,11.857142857142858,1.0,9.0,1.0,"{""1"": 13, ""2"": 13, ""3"": 13, ""4"": 13, ""5"": 13, ""6"": 9, ""7"": 9}"
"[13, 9]",publication_batch_instances\nominal\case_100_seed19,Synthetic,lognormal,case,13.0,1.0,11.857142857142858,1.0,9.0,1.0,"{""1"": 13, ""2"": 13, ""3"": 13, ""4"": 13, ""5"": 13, ""6"": 9, ""7"": 9}",0.8,10,5,0.9,12,100,0.5,No downstream stress adjustment.,0.5,nominal,19,13.0,1.0,11.857142857142858,1.0,9.0,1.0,"{""1"": 13, ""2"": 13, ""3"": 13, ""4"": 13, ""5"": 13, ""6"": 9, ""7"": 9}"
"[13, 9]",publication_batch_instances\nominal\case_100_seed23,Synthetic,lognormal,case,13.0,1.0,11.857142857142858,1.0,9.0,1.0,"{""1"": 13, ""2"": 13, ""3"": 13, ""4"": 13, ""5"": 13, ""6"": 9, ""7"": 9}",0.8,10,6,0.9,12,100,0.6,No downstream stress adjustment.,0.5,nominal,23,13.0,1.0,11.857142857142858,1.0,9.0,1.0,"{""1"": 13, ""2"": 13, ""3"": 13, ""4"": 13, ""5"": 13, ""6"": 9, ""7"": 9}"
"[13, 9]",publication_batch_instances\nominal\case_100_seed29,Synthetic,lognormal,case,13.0,1.0,11.857142857142858,1.0,9.0,1.0,"{""1"": 13, ""2"": 13, ""3"": 13, ""4"": 13, ""5"": 13, ""6"": 9, ""7"": 9}",0.8,10,4,0.9,12,100,0.4,No downstream stress adjustment.,0.5,nominal,29,13.0,1.0,11.857142857142858,1.0,9.0,1.0,"{""1"": 13, ""2"": 13, ""3"": 13, ""4"": 13, ""5"": 13, ""6"": 9, ""7"": 9}"
"[13, 9]",publication_batch_instances\nominal\case_100_seed31,Synthetic,lognormal,case,13.0,1.0,11.857142857142858,1.0,9.0,1.0,"{""1"": 13, ""2"": 13, ""3"": 13, ""4"": 13, ""5"": 13, ""6"": 9, ""7"": 9}",0.8,10,4,0.9,12,100,0.4,No downstream stress adjustment.,0.5,nominal,31,13.0,1.0,11.857142857142858,1.0,9.0,1.0,"{""1"": 13, ""2"": 13, ""3"": 13, ""4"": 13, ""5"": 13, ""6"": 9, ""7"": 9}"
"[13, 9]",publication_batch_instances\nominal\case_100_seed37,Synthetic,lognormal,case,13.0,1.0,11.857142857142858,1.0,9.0,1.0,"{""1"": 13, ""2"": 13, ""3"": 13, ""4"": 13, ""5"": 13, ""6"": 9, ""7"": 9}",0.8,10,6,0.9,12,100,0.6,No downstream stress adjustment.,0.5,nominal,37,13.0,1.0,11.857142857142858,1.0,9.0,1.0,"{""1"": 13, ""2"": 13, ""3"": 13, ""4"": 13, ""5"": 13, ""6"": 9, ""7"": 9}"
"[13, 9]",publication_batch_instances\nominal\case_100_seed41,Synthetic,lognormal,case,13.0,1.0,11.857142857142858,1.0,9.0,1.0,"{""1"": 13, ""2"": 13, ""3"": 13, ""4"": 13, ""5"": 13, ""6"": 9, ""7"": 9}",0.8,10,5,0.9,12,100,0.5,No downstream stress adjustment.,0.5,nominal,41,13.0,1.0,11.857142857142858,1.0,9.0,1.0,"{""1"": 13, ""2"": 13, ""3"": 13, ""4"": 13, ""5"": 13, ""6"": 9, ""7"": 9}"
"[13, 9]",publication_batch_instances\nominal\case_100_seed43,Synthetic,lognormal,case,13.0,1.0,11.857142857142858,1.0,9.0,1.0,"{""1"": 13, ""2"": 13, ""3"": 13, ""4"": 13, ""5"": 13, ""6"": 9, ""7"": 9}",0.8,10,8,0.9,12,100,0.8,No downstream stress adjustment.,0.5,nominal,43,13.0,1.0,11.857142857142858,1.0,9.0,1.0,"{""1"": 13, ""2"": 13, ""3"": 13, ""4"": 13, ""5"": 13, ""6"": 9, ""7"": 9}"
"[13, 9]",publication_batch_instances\nominal\case_100_seed47,Synthetic,lognormal,case,13.0,1.0,11.857142857142858,1.0,9.0,1.0,"{""1"": 13, ""2"": 13, ""3"": 13, ""4"": 13, ""5"": 13, ""6"": 9, ""7"": 9}",0.8,10,5,0.9,12,100,0.5,No downstream stress adjustment.,0.5,nominal,47,13.0,1.0,11.857142857142858,1.0,9.0,1.0,"{""1"": 13, ""2"": 13, ""3"": 13, ""4"": 13, ""5"": 13, ""6"": 9, ""7"": 9}"
"[13, 9]",publication_batch_instances\transfer_bottleneck\case_100_seed7,Synthetic,lognormal,case,13.0,1.0,11.857142857142858,1.0,9.0,1.0,"{""1"": 13, ""2"": 13, ""3"": 13, ""4"": 13, ""5"": 13, ""6"": 9, ""7"": 9}",0.8,10,5,0.9,12,100,0.5,Ward capacity reduced by 25% on days 3--5 to create a transfer bottleneck.,0.5,transfer_bottleneck,7,13.0,1.0,10.142857142857142,0.8554216867469878,9.0,1.0,"{""1"": 13, ""2"": 13, ""3"": 9, ""4"": 9, ""5"": 9, ""6"": 9, ""7"": 9}"
"[13, 9]",publication_batch_instances\transfer_bottleneck\case_100_seed11,Synthetic,lognormal,case,13.0,1.0,11.857142857142858,1.0,9.0,1.0,"{""1"": 13, ""2"": 13, ""3"": 13, ""4"": 13, ""5"": 13, ""6"": 9, ""7"": 9}",0.8,10,6,0.9,12,100,0.6,Ward capacity reduced by 25% on days 3--5 to create a transfer bottleneck.,0.5,transfer_bottleneck,11,13.0,1.0,10.142857142857142,0.8554216867469878,9.0,1.0,"{""1"": 13, ""2"": 13, ""3"": 9, ""4"": 9, ""5"": 9, ""6"": 9, ""7"": 9}"
"[13, 9]",publication_batch_instances\transfer_bottleneck\case_100_seed19,Synthetic,lognormal,case,13.0,1.0,11.857142857142858,1.0,9.0,1.0,"{""1"": 13, ""2"": 13, ""3"": 13, ""4"": 13, ""5"": 13, ""6"": 9, ""7"": 9}",0.8,10,5,0.9,12,100,0.5,Ward capacity reduced by 25% on days 3--5 to create a transfer bottleneck.,0.5,transfer_bottleneck,19,13.0,1.0,10.142857142857142,0.8554216867469878,9.0,1.0,"{""1"": 13, ""2"": 13, ""3"": 9, ""4"": 9, ""5"": 9, ""6"": 9, ""7"": 9}"
"[13, 9]",publication_batch_instances\transfer_bottleneck\case_100_seed23,Synthetic,lognormal,case,13.0,1.0,11.857142857142858,1.0,9.0,1.0,"{""1"": 13, ""2"": 13, ""3"": 13, ""4"": 13, ""5"": 13, ""6"": 9, ""7"": 9}",0.8,10,6,0.9,12,100,0.6,Ward capacity reduced by 25% on days 3--5 to create a transfer bottleneck.,0.5,transfer_bottleneck,23,13.0,1.0,10.142857142857142,0.8554216867469878,9.0,1.0,"{""1"": 13, ""2"": 13, ""3"": 9, ""4"": 9, ""5"": 9, ""6"": 9, ""7"": 9}"
"[13, 9]",publication_batch_instances\transfer_bottleneck\case_100_seed29,Synthetic,lognormal,case,13.0,1.0,11.857142857142858,1.0,9.0,1.0,"{""1"": 13, ""2"": 13, ""3"": 13, ""4"": 13, ""5"": 13, ""6"": 9, ""7"": 9}",0.8,10,4,0.9,12,100,0.4,Ward capacity reduced by 25% on days 3--5 to create a transfer bottleneck.,0.5,transfer_bottleneck,29,13.0,1.0,10.142857142857142,0.8554216867469878,9.0,1.0,"{""1"": 13, ""2"": 13, ""3"": 9, ""4"": 9, ""5"": 9, ""6"": 9, ""7"": 9}"
"[13, 9]",publication_batch_instances\transfer_bottleneck\case_100_seed31,Synthetic,lognormal,case,13.0,1.0,11.857142857142858,1.0,9.0,1.0,"{""1"": 13, ""2"": 13, ""3"": 13, ""4"": 13, ""5"": 13, ""6"": 9, ""7"": 9}",0.8,10,4,0.9,12,100,0.4,Ward capacity reduced by 25% on days 3--5 to create a transfer bottleneck.,0.5,transfer_bottleneck,31,13.0,1.0,10.142857142857142,0.8554216867469878,9.0,1.0,"{""1"": 13, ""2"": 13, ""3"": 9, ""4"": 9, ""5"": 9, ""6"": 9, ""7"": 9}"
"[13, 9]",publication_batch_instances\transfer_bottleneck\case_100_seed37,Synthetic,lognormal,case,13.0,1.0,11.857142857142858,1.0,9.0,1.0,"{""1"": 13, ""2"": 13, ""3"": 13, ""4"": 13, ""5"": 13, ""6"": 9, ""7"": 9}",0.8,10,6,0.9,12,100,0.6,Ward capacity reduced by 25% on days 3--5 to create a transfer bottleneck.,0.5,transfer_bottleneck,37,13.0,1.0,10.142857142857142,0.8554216867469878,9.0,1.0,"{""1"": 13, ""2"": 13, ""3"": 9, ""4"": 9, ""5"": 9, ""6"": 9, ""7"": 9}"
"[13, 9]",publication_batch_instances\transfer_bottleneck\case_100_seed41,Synthetic,lognormal,case,13.0,1.0,11.857142857142858,1.0,9.0,1.0,"{""1"": 13, ""2"": 13, ""3"": 13, ""4"": 13, ""5"": 13, ""6"": 9, ""7"": 9}",0.8,10,5,0.9,12,100,0.5,Ward capacity reduced by 25% on days 3--5 to create a transfer bottleneck.,0.5,transfer_bottleneck,41,13.0,1.0,10.142857142857142,0.8554216867469878,9.0,1.0,"{""1"": 13, ""2"": 13, ""3"": 9, ""4"": 9, ""5"": 9, ""6"": 9, ""7"": 9}"
"[13, 9]",publication_batch_instances\transfer_bottleneck\case_100_seed43,Synthetic,lognormal,case,13.0,1.0,11.857142857142858,1.0,9.0,1.0,"{""1"": 13, ""2"": 13, ""3"": 13, ""4"": 13, ""5"": 13, ""6"": 9, ""7"": 9}",0.8,10,8,0.9,12,100,0.8,Ward capacity reduced by 25% on days 3--5 to create a transfer bottleneck.,0.5,transfer_bottleneck,43,13.0,1.0,10.142857142857142,0.8554216867469878,9.0,1.0,"{""1"": 13, ""2"": 13, ""3"": 9, ""4"": 9, ""5"": 9, ""6"": 9, ""7"": 9}"
"[13, 9]",publication_batch_instances\transfer_bottleneck\case_100_seed47,Synthetic,lognormal,case,13.0,1.0,11.857142857142858,1.0,9.0,1.0,"{""1"": 13, ""2"": 13, ""3"": 13, ""4"": 13, ""5"": 13, ""6"": 9, ""7"": 9}",0.8,10,5,0.9,12,100,0.5,Ward capacity reduced by 25% on days 3--5 to create a transfer bottleneck.,0.5,transfer_bottleneck,47,13.0,1.0,10.142857142857142,0.8554216867469878,9.0,1.0,"{""1"": 13, ""2"": 13, ""3"": 9, ""4"": 9, ""5"": 9, ""6"": 9, ""7"": 9}"
"[13, 9]",publication_batch_instances\ward_pressure\case_100_seed7,Synthetic,lognormal,case,13.0,1.0,11.857142857142858,1.0,9.0,1.0,"{""1"": 13, ""2"": 13, ""3"": 13, ""4"": 13, ""5"": 13, ""6"": 9, ""7"": 9}",0.8,10,5,0.9,12,100,0.5,Ward capacity reduced by 10% on all planning days.,0.5,ward_pressure,7,11.0,0.8461538461538461,10.142857142857142,0.8554216867469878,8.0,0.8888888888888888,"{""1"": 11, ""2"": 11, ""3"": 11, ""4"": 11, ""5"": 11, ""6"": 8, ""7"": 8}"
"[13, 9]",publication_batch_instances\ward_pressure\case_100_seed11,Synthetic,lognormal,case,13.0,1.0,11.857142857142858,1.0,9.0,1.0,"{""1"": 13, ""2"": 13, ""3"": 13, ""4"": 13, ""5"": 13, ""6"": 9, ""7"": 9}",0.8,10,6,0.9,12,100,0.6,Ward capacity reduced by 10% on all planning days.,0.5,ward_pressure,11,11.0,0.8461538461538461,10.142857142857142,0.8554216867469878,8.0,0.8888888888888888,"{""1"": 11, ""2"": 11, ""3"": 11, ""4"": 11, ""5"": 11, ""6"": 8, ""7"": 8}"
"[13, 9]",publication_batch_instances\ward_pressure\case_100_seed19,Synthetic,lognormal,case,13.0,1.0,11.857142857142858,1.0,9.0,1.0,"{""1"": 13, ""2"": 13, ""3"": 13, ""4"": 13, ""5"": 13, ""6"": 9, ""7"": 9}",0.8,10,5,0.9,12,100,0.5,Ward capacity reduced by 10% on all planning days.,0.5,ward_pressure,19,11.0,0.8461538461538461,10.142857142857142,0.8554216867469878,8.0,0.8888888888888888,"{""1"": 11, ""2"": 11, ""3"": 11, ""4"": 11, ""5"": 11, ""6"": 8, ""7"": 8}"
"[13, 9]",publication_batch_instances\ward_pressure\case_100_seed23,Synthetic,lognormal,case,13.0,1.0,11.857142857142858,1.0,9.0,1.0,"{""1"": 13, ""2"": 13, ""3"": 13, ""4"": 13, ""5"": 13, ""6"": 9, ""7"": 9}",0.8,10,6,0.9,12,100,0.6,Ward capacity reduced by 10% on all planning days.,0.5,ward_pressure,23,11.0,0.8461538461538461,10.142857142857142,0.8554216867469878,8.0,0.8888888888888888,"{""1"": 11, ""2"": 11, ""3"": 11, ""4"": 11, ""5"": 11, ""6"": 8, ""7"": 8}"
"[13, 9]",publication_batch_instances\ward_pressure\case_100_seed29,Synthetic,lognormal,case,13.0,1.0,11.857142857142858,1.0,9.0,1.0,"{""1"": 13, ""2"": 13, ""3"": 13, ""4"": 13, ""5"": 13, ""6"": 9, ""7"": 9}",0.8,10,4,0.9,12,100,0.4,Ward capacity reduced by 10% on all planning days.,0.5,ward_pressure,29,11.0,0.8461538461538461,10.142857142857142,0.8554216867469878,8.0,0.8888888888888888,"{""1"": 11, ""2"": 11, ""3"": 11, ""4"": 11, ""5"": 11, ""6"": 8, ""7"": 8}"
"[13, 9]",publication_batch_instances\ward_pressure\case_100_seed31,Synthetic,lognormal,case,13.0,1.0,11.857142857142858,1.0,9.0,1.0,"{""1"": 13, ""2"": 13, ""3"": 13, ""4"": 13, ""5"": 13, ""6"": 9, ""7"": 9}",0.8,10,4,0.9,12,100,0.4,Ward capacity reduced by 10% on all planning days.,0.5,ward_pressure,31,11.0,0.8461538461538461,10.142857142857142,0.8554216867469878,8.0,0.8888888888888888,"{""1"": 11, ""2"": 11, ""3"": 11, ""4"": 11, ""5"": 11, ""6"": 8, ""7"": 8}"
"[13, 9]",publication_batch_instances\ward_pressure\case_100_seed37,Synthetic,lognormal,case,13.0,1.0,11.857142857142858,1.0,9.0,1.0,"{""1"": 13, ""2"": 13, ""3"": 13, ""4"": 13, ""5"": 13, ""6"": 9, ""7"": 9}",0.8,10,6,0.9,12,100,0.6,Ward capacity reduced by 10% on all planning days.,0.5,ward_pressure,37,11.0,0.8461538461538461,10.142857142857142,0.8554216867469878,8.0,0.8888888888888888,"{""1"": 11, ""2"": 11, ""3"": 11, ""4"": 11, ""5"": 11, ""6"": 8, ""7"": 8}"
"[13, 9]",publication_batch_instances\ward_pressure\case_100_seed41,Synthetic,lognormal,case,13.0,1.0,11.857142857142858,1.0,9.0,1.0,"{""1"": 13, ""2"": 13, ""3"": 13, ""4"": 13, ""5"": 13, ""6"": 9, ""7"": 9}",0.8,10,5,0.9,12,100,0.5,Ward capacity reduced by 10% on all planning days.,0.5,ward_pressure,41,11.0,0.8461538461538461,10.142857142857142,0.8554216867469878,8.0,0.8888888888888888,"{""1"": 11, ""2"": 11, ""3"": 11, ""4"": 11, ""5"": 11, ""6"": 8, ""7"": 8}"
"[13, 9]",publication_batch_instances\ward_pressure\case_100_seed43,Synthetic,lognormal,case,13.0,1.0,11.857142857142858,1.0,9.0,1.0,"{""1"": 13, ""2"": 13, ""3"": 13, ""4"": 13, ""5"": 13, ""6"": 9, ""7"": 9}",0.8,10,8,0.9,12,100,0.8,Ward capacity reduced by 10% on all planning days.,0.5,ward_pressure,43,11.0,0.8461538461538461,10.142857142857142,0.8554216867469878,8.0,0.8888888888888888,"{""1"": 11, ""2"": 11, ""3"": 11, ""4"": 11, ""5"": 11, ""6"": 8, ""7"": 8}"
"[13, 9]",publication_batch_instances\ward_pressure\case_100_seed47,Synthetic,lognormal,case,13.0,1.0,11.857142857142858,1.0,9.0,1.0,"{""1"": 13, ""2"": 13, ""3"": 13, ""4"": 13, ""5"": 13, ""6"": 9, ""7"": 9}",0.8,10,5,0.9,12,100,0.5,Ward capacity reduced by 10% on all planning days.,0.5,ward_pressure,47,11.0,0.8461538461538461,10.142857142857142,0.8554216867469878,8.0,0.8888888888888888,"{""1"": 11, ""2"": 11, ""3"": 11, ""4"": 11, ""5"": 11, ""6"": 8, ""7"": 8}"
"[17, 12]",publication_batch_instances\nominal\case_150_seed7,Synthetic,lognormal,case,17.0,1.0,15.571428571428571,1.0,12.0,1.0,"{""1"": 17, ""2"": 17, ""3"": 17, ""4"": 17, ""5"": 17, ""6"": 12, ""7"": 12}",0.8,14,8,0.9,15,150,0.5714285714285714,No downstream stress adjustment.,0.5,nominal,7,17.0,1.0,15.571428571428571,1.0,12.0,1.0,"{""1"": 17, ""2"": 17, ""3"": 17, ""4"": 17, ""5"": 17, ""6"": 12, ""7"": 12}"
"[17, 12]",publication_batch_instances\nominal\case_150_seed11,Synthetic,lognormal,case,17.0,1.0,15.571428571428571,1.0,12.0,1.0,"{""1"": 17, ""2"": 17, ""3"": 17, ""4"": 17, ""5"": 17, ""6"": 12, ""7"": 12}",0.8,14,9,0.9,15,150,0.6428571428571429,No downstream stress adjustment.,0.5,nominal,11,17.0,1.0,15.571428571428571,1.0,12.0,1.0,"{""1"": 17, ""2"": 17, ""3"": 17, ""4"": 17, ""5"": 17, ""6"": 12, ""7"": 12}"
"[17, 12]",publication_batch_instances\nominal\case_150_seed19,Synthetic,lognormal,case,17.0,1.0,15.571428571428571,1.0,12.0,1.0,"{""1"": 17, ""2"": 17, ""3"": 17, ""4"": 17, ""5"": 17, ""6"": 12, ""7"": 12}",0.8,14,7,0.9,15,150,0.5,No downstream stress adjustment.,0.5,nominal,19,17.0,1.0,15.571428571428571,1.0,12.0,1.0,"{""1"": 17, ""2"": 17, ""3"": 17, ""4"": 17, ""5"": 17, ""6"": 12, ""7"": 12}"
"[17, 12]",publication_batch_instances\nominal\case_150_seed23,Synthetic,lognormal,case,17.0,1.0,15.571428571428571,1.0,12.0,1.0,"{""1"": 17, ""2"": 17, ""3"": 17, ""4"": 17, ""5"": 17, ""6"": 12, ""7"": 12}",0.8,14,9,0.9,15,150,0.6428571428571429,No downstream stress adjustment.,0.5,nominal,23,17.0,1.0,15.571428571428571,1.0,12.0,1.0,"{""1"": 17, ""2"": 17, ""3"": 17, ""4"": 17, ""5"": 17, ""6"": 12, ""7"": 12}"
"[17, 12]",publication_batch_instances\nominal\case_150_seed29,Synthetic,lognormal,case,17.0,1.0,15.571428571428571,1.0,12.0,1.0,"{""1"": 17, ""2"": 17, ""3"": 17, ""4"": 17, ""5"": 17, ""6"": 12, ""7"": 12}",0.8,14,5,0.9,15,150,0.35714285714285715,No downstream stress adjustment.,0.5,nominal,29,17.0,1.0,15.571428571428571,1.0,12.0,1.0,"{""1"": 17, ""2"": 17, ""3"": 17, ""4"": 17, ""5"": 17, ""6"": 12, ""7"": 12}"
"[17, 12]",publication_batch_instances\nominal\case_150_seed31,Synthetic,lognormal,case,17.0,1.0,15.571428571428571,1.0,12.0,1.0,"{""1"": 17, ""2"": 17, ""3"": 17, ""4"": 17, ""5"": 17, ""6"": 12, ""7"": 12}",0.8,14,6,0.9,15,150,0.42857142857142855,No downstream stress adjustment.,0.5,nominal,31,17.0,1.0,15.571428571428571,1.0,12.0,1.0,"{""1"": 17, ""2"": 17, ""3"": 17, ""4"": 17, ""5"": 17, ""6"": 12, ""7"": 12}"
"[17, 12]",publication_batch_instances\nominal\case_150_seed37,Synthetic,lognormal,case,17.0,1.0,15.571428571428571,1.0,12.0,1.0,"{""1"": 17, ""2"": 17, ""3"": 17, ""4"": 17, ""5"": 17, ""6"": 12, ""7"": 12}",0.8,14,7,0.9,15,150,0.5,No downstream stress adjustment.,0.5,nominal,37,17.0,1.0,15.571428571428571,1.0,12.0,1.0,"{""1"": 17, ""2"": 17, ""3"": 17, ""4"": 17, ""5"": 17, ""6"": 12, ""7"": 12}"
"[17, 12]",publication_batch_instances\nominal\case_150_seed41,Synthetic,lognormal,case,17.0,1.0,15.571428571428571,1.0,12.0,1.0,"{""1"": 17, ""2"": 17, ""3"": 17, ""4"": 17, ""5"": 17, ""6"": 12, ""7"": 12}",0.8,14,8,0.9,15,150,0.5714285714285714,No downstream stress adjustment.,0.5,nominal,41,17.0,1.0,15.571428571428571,1.0,12.0,1.0,"{""1"": 17, ""2"": 17, ""3"": 17, ""4"": 17, ""5"": 17, ""6"": 12, ""7"": 12}"
"[17, 12]",publication_batch_instances\nominal\case_150_seed43,Synthetic,lognormal,case,17.0,1.0,15.571428571428571,1.0,12.0,1.0,"{""1"": 17, ""2"": 17, ""3"": 17, ""4"": 17, ""5"": 17, ""6"": 12, ""7"": 12}",0.8,14,10,0.9,15,150,0.7142857142857143,No downstream stress adjustment.,0.5,nominal,43,17.0,1.0,15.571428571428571,1.0,12.0,1.0,"{""1"": 17, ""2"": 17, ""3"": 17, ""4"": 17, ""5"": 17, ""6"": 12, ""7"": 12}"
"[17, 12]",publication_batch_instances\nominal\case_150_seed47,Synthetic,lognormal,case,17.0,1.0,15.571428571428571,1.0,12.0,1.0,"{""1"": 17, ""2"": 17, ""3"": 17, ""4"": 17, ""5"": 17, ""6"": 12, ""7"": 12}",0.8,14,7,0.9,15,150,0.5,No downstream stress adjustment.,0.5,nominal,47,17.0,1.0,15.571428571428571,1.0,12.0,1.0,"{""1"": 17, ""2"": 17, ""3"": 17, ""4"": 17, ""5"": 17, ""6"": 12, ""7"": 12}"
"[17, 12]",publication_batch_instances\transfer_bottleneck\case_150_seed7,Synthetic,lognormal,case,17.0,1.0,15.571428571428571,1.0,12.0,1.0,"{""1"": 17, ""2"": 17, ""3"": 17, ""4"": 17, ""5"": 17, ""6"": 12, ""7"": 12}",0.8,14,8,0.9,15,150,0.5714285714285714,Ward capacity reduced by 25% on days 3--5 to create a transfer bottleneck.,0.5,transfer_bottleneck,7,17.0,1.0,13.428571428571429,0.8623853211009175,12.0,1.0,"{""1"": 17, ""2"": 17, ""3"": 12, ""4"": 12, ""5"": 12, ""6"": 12, ""7"": 12}"
"[17, 12]",publication_batch_instances\transfer_bottleneck\case_150_seed11,Synthetic,lognormal,case,17.0,1.0,15.571428571428571,1.0,12.0,1.0,"{""1"": 17, ""2"": 17, ""3"": 17, ""4"": 17, ""5"": 17, ""6"": 12, ""7"": 12}",0.8,14,9,0.9,15,150,0.6428571428571429,Ward capacity reduced by 25% on days 3--5 to create a transfer bottleneck.,0.5,transfer_bottleneck,11,17.0,1.0,13.428571428571429,0.8623853211009175,12.0,1.0,"{""1"": 17, ""2"": 17, ""3"": 12, ""4"": 12, ""5"": 12, ""6"": 12, ""7"": 12}"
"[17, 12]",publication_batch_instances\transfer_bottleneck\case_150_seed19,Synthetic,lognormal,case,17.0,1.0,15.571428571428571,1.0,12.0,1.0,"{""1"": 17, ""2"": 17, ""3"": 17, ""4"": 17, ""5"": 17, ""6"": 12, ""7"": 12}",0.8,14,7,0.9,15,150,0.5,Ward capacity reduced by 25% on days 3--5 to create a transfer bottleneck.,0.5,transfer_bottleneck,19,17.0,1.0,13.428571428571429,0.8623853211009175,12.0,1.0,"{""1"": 17, ""2"": 17, ""3"": 12, ""4"": 12, ""5"": 12, ""6"": 12, ""7"": 12}"
"[17, 12]",publication_batch_instances\transfer_bottleneck\case_150_seed23,Synthetic,lognormal,case,17.0,1.0,15.571428571428571,1.0,12.0,1.0,"{""1"": 17, ""2"": 17, ""3"": 17, ""4"": 17, ""5"": 17, ""6"": 12, ""7"": 12}",0.8,14,9,0.9,15,150,0.6428571428571429,Ward capacity reduced by 25% on days 3--5 to create a transfer bottleneck.,0.5,transfer_bottleneck,23,17.0,1.0,13.428571428571429,0.8623853211009175,12.0,1.0,"{""1"": 17, ""2"": 17, ""3"": 12, ""4"": 12, ""5"": 12, ""6"": 12, ""7"": 12}"
"[17, 12]",publication_batch_instances\transfer_bottleneck\case_150_seed29,Synthetic,lognormal,case,17.0,1.0,15.571428571428571,1.0,12.0,1.0,"{""1"": 17, ""2"": 17, ""3"": 17, ""4"": 17, ""5"": 17, ""6"": 12, ""7"": 12}",0.8,14,5,0.9,15,150,0.35714285714285715,Ward capacity reduced by 25% on days 3--5 to create a transfer bottleneck.,0.5,transfer_bottleneck,29,17.0,1.0,13.428571428571429,0.8623853211009175,12.0,1.0,"{""1"": 17, ""2"": 17, ""3"": 12, ""4"": 12, ""5"": 12, ""6"": 12, ""7"": 12}"
"[17, 12]",publication_batch_instances\transfer_bottleneck\case_150_seed31,Synthetic,lognormal,case,17.0,1.0,15.571428571428571,1.0,12.0,1.0,"{""1"": 17, ""2"": 17, ""3"": 17, ""4"": 17, ""5"": 17, ""6"": 12, ""7"": 12}",0.8,14,6,0.9,15,150,0.42857142857142855,Ward capacity reduced by 25% on days 3--5 to create a transfer bottleneck.,0.5,transfer_bottleneck,31,17.0,1.0,13.428571428571429,0.8623853211009175,12.0,1.0,"{""1"": 17, ""2"": 17, ""3"": 12, ""4"": 12, ""5"": 12, ""6"": 12, ""7"": 12}"
"[17, 12]",publication_batch_instances\transfer_bottleneck\case_150_seed37,Synthetic,lognormal,case,17.0,1.0,15.571428571428571,1.0,12.0,1.0,"{""1"": 17, ""2"": 17, ""3"": 17, ""4"": 17, ""5"": 17, ""6"": 12, ""7"": 12}",0.8,14,7,0.9,15,150,0.5,Ward capacity reduced by 25% on days 3--5 to create a transfer bottleneck.,0.5,transfer_bottleneck,37,17.0,1.0,13.428571428571429,0.8623853211009175,12.0,1.0,"{""1"": 17, ""2"": 17, ""3"": 12, ""4"": 12, ""5"": 12, ""6"": 12, ""7"": 12}"
"[17, 12]",publication_batch_instances\transfer_bottleneck\case_150_seed41,Synthetic,lognormal,case,17.0,1.0,15.571428571428571,1.0,12.0,1.0,"{""1"": 17, ""2"": 17, ""3"": 17, ""4"": 17, ""5"": 17, ""6"": 12, ""7"": 12}",0.8,14,8,0.9,15,150,0.5714285714285714,Ward capacity reduced by 25% on days 3--5 to create a transfer bottleneck.,0.5,transfer_bottleneck,41,17.0,1.0,13.428571428571429,0.8623853211009175,12.0,1.0,"{""1"": 17, ""2"": 17, ""3"": 12, ""4"": 12, ""5"": 12, ""6"": 12, ""7"": 12}"
"[17, 12]",publication_batch_instances\transfer_bottleneck\case_150_seed43,Synthetic,lognormal,case,17.0,1.0,15.571428571428571,1.0,12.0,1.0,"{""1"": 17, ""2"": 17, ""3"": 17, ""4"": 17, ""5"": 17, ""6"": 12, ""7"": 12}",0.8,14,10,0.9,15,150,0.7142857142857143,Ward capacity reduced by 25% on days 3--5 to create a transfer bottleneck.,0.5,transfer_bottleneck,43,17.0,1.0,13.428571428571429,0.8623853211009175,12.0,1.0,"{""1"": 17, ""2"": 17, ""3"": 12, ""4"": 12, ""5"": 12, ""6"": 12, ""7"": 12}"
"[17, 12]",publication_batch_instances\transfer_bottleneck\case_150_seed47,Synthetic,lognormal,case,17.0,1.0,15.571428571428571,1.0,12.0,1.0,"{""1"": 17, ""2"": 17, ""3"": 17, ""4"": 17, ""5"": 17, ""6"": 12, ""7"": 12}",0.8,14,7,0.9,15,150,0.5,Ward capacity reduced by 25% on days 3--5 to create a transfer bottleneck.,0.5,transfer_bottleneck,47,17.0,1.0,13.428571428571429,0.8623853211009175,12.0,1.0,"{""1"": 17, ""2"": 17, ""3"": 12, ""4"": 12, ""5"": 12, ""6"": 12, ""7"": 12}"
"[17, 12]",publication_batch_instances\ward_pressure\case_150_seed7,Synthetic,lognormal,case,17.0,1.0,15.571428571428571,1.0,12.0,1.0,"{""1"": 17, ""2"": 17, ""3"": 17, ""4"": 17, ""5"": 17, ""6"": 12, ""7"": 12}",0.8,14,8,0.9,15,150,0.5714285714285714,Ward capacity reduced by 10% on all planning days.,0.5,ward_pressure,7,15.0,0.8823529411764706,13.571428571428571,0.8715596330275229,10.0,0.8333333333333334,"{""1"": 15, ""2"": 15, ""3"": 15, ""4"": 15, ""5"": 15, ""6"": 10, ""7"": 10}"
"[17, 12]",publication_batch_instances\ward_pressure\case_150_seed11,Synthetic,lognormal,case,17.0,1.0,15.571428571428571,1.0,12.0,1.0,"{""1"": 17, ""2"": 17, ""3"": 17, ""4"": 17, ""5"": 17, ""6"": 12, ""7"": 12}",0.8,14,9,0.9,15,150,0.6428571428571429,Ward capacity reduced by 10% on all planning days.,0.5,ward_pressure,11,15.0,0.8823529411764706,13.571428571428571,0.8715596330275229,10.0,0.8333333333333334,"{""1"": 15, ""2"": 15, ""3"": 15, ""4"": 15, ""5"": 15, ""6"": 10, ""7"": 10}"
"[17, 12]",publication_batch_instances\ward_pressure\case_150_seed19,Synthetic,lognormal,case,17.0,1.0,15.571428571428571,1.0,12.0,1.0,"{""1"": 17, ""2"": 17, ""3"": 17, ""4"": 17, ""5"": 17, ""6"": 12, ""7"": 12}",0.8,14,7,0.9,15,150,0.5,Ward capacity reduced by 10% on all planning days.,0.5,ward_pressure,19,15.0,0.8823529411764706,13.571428571428571,0.8715596330275229,10.0,0.8333333333333334,"{""1"": 15, ""2"": 15, ""3"": 15, ""4"": 15, ""5"": 15, ""6"": 10, ""7"": 10}"
"[17, 12]",publication_batch_instances\ward_pressure\case_150_seed23,Synthetic,lognormal,case,17.0,1.0,15.571428571428571,1.0,12.0,1.0,"{""1"": 17, ""2"": 17, ""3"": 17, ""4"": 17, ""5"": 17, ""6"": 12, ""7"": 12}",0.8,14,9,0.9,15,150,0.6428571428571429,Ward capacity reduced by 10% on all planning days.,0.5,ward_pressure,23,15.0,0.8823529411764706,13.571428571428571,0.8715596330275229,10.0,0.8333333333333334,"{""1"": 15, ""2"": 15, ""3"": 15, ""4"": 15, ""5"": 15, ""6"": 10, ""7"": 10}"
"[17, 12]",publication_batch_instances\ward_pressure\case_150_seed29,Synthetic,lognormal,case,17.0,1.0,15.571428571428571,1.0,12.0,1.0,"{""1"": 17, ""2"": 17, ""3"": 17, ""4"": 17, ""5"": 17, ""6"": 12, ""7"": 12}",0.8,14,5,0.9,15,150,0.35714285714285715,Ward capacity reduced by 10% on all planning days.,0.5,ward_pressure,29,15.0,0.8823529411764706,13.571428571428571,0.8715596330275229,10.0,0.8333333333333334,"{""1"": 15, ""2"": 15, ""3"": 15, ""4"": 15, ""5"": 15, ""6"": 10, ""7"": 10}"
"[17, 12]",publication_batch_instances\ward_pressure\case_150_seed31,Synthetic,lognormal,case,17.0,1.0,15.571428571428571,1.0,12.0,1.0,"{""1"": 17, ""2"": 17, ""3"": 17, ""4"": 17, ""5"": 17, ""6"": 12, ""7"": 12}",0.8,14,6,0.9,15,150,0.42857142857142855,Ward capacity reduced by 10% on all planning days.,0.5,ward_pressure,31,15.0,0.8823529411764706,13.571428571428571,0.8715596330275229,10.0,0.8333333333333334,"{""1"": 15, ""2"": 15, ""3"": 15, ""4"": 15, ""5"": 15, ""6"": 10, ""7"": 10}"
"[17, 12]",publication_batch_instances\ward_pressure\case_150_seed37,Synthetic,lognormal,case,17.0,1.0,15.571428571428571,1.0,12.0,1.0,"{""1"": 17, ""2"": 17, ""3"": 17, ""4"": 17, ""5"": 17, ""6"": 12, ""7"": 12}",0.8,14,7,0.9,15,150,0.5,Ward capacity reduced by 10% on all planning days.,0.5,ward_pressure,37,15.0,0.8823529411764706,13.571428571428571,0.8715596330275229,10.0,0.8333333333333334,"{""1"": 15, ""2"": 15, ""3"": 15, ""4"": 15, ""5"": 15, ""6"": 10, ""7"": 10}"
"[17, 12]",publication_batch_instances\ward_pressure\case_150_seed41,Synthetic,lognormal,case,17.0,1.0,15.571428571428571,1.0,12.0,1.0,"{""1"": 17, ""2"": 17, ""3"": 17, ""4"": 17, ""5"": 17, ""6"": 12, ""7"": 12}",0.8,14,8,0.9,15,150,0.5714285714285714,Ward capacity reduced by 10% on all planning days.,0.5,ward_pressure,41,15.0,0.8823529411764706,13.571428571428571,0.8715596330275229,10.0,0.8333333333333334,"{""1"": 15, ""2"": 15, ""3"": 15, ""4"": 15, ""5"": 15, ""6"": 10, ""7"": 10}"
"[17, 12]",publication_batch_instances\ward_pressure\case_150_seed43,Synthetic,lognormal,case,17.0,1.0,15.571428571428571,1.0,12.0,1.0,"{""1"": 17, ""2"": 17, ""3"": 17, ""4"": 17, ""5"": 17, ""6"": 12, ""7"": 12}",0.8,14,10,0.9,15,150,0.7142857142857143,Ward capacity reduced by 10% on all planning days.,0.5,ward_pressure,43,15.0,0.8823529411764706,13.571428571428571,0.8715596330275229,10.0,0.8333333333333334,"{""1"": 15, ""2"": 15, ""3"": 15, ""4"": 15, ""5"": 15, ""6"": 10, ""7"": 10}"
"[17, 12]",publication_batch_instances\ward_pressure\case_150_seed47,Synthetic,lognormal,case,17.0,1.0,15.571428571428571,1.0,12.0,1.0,"{""1"": 17, ""2"": 17, ""3"": 17, ""4"": 17, ""5"": 17, ""6"": 12, ""7"": 12}",0.8,14,7,0.9,15,150,0.5,Ward capacity reduced by 10% on all planning days.,0.5,ward_pressure,47,15.0,0.8823529411764706,13.571428571428571,0.8715596330275229,10.0,0.8333333333333334,"{""1"": 15, ""2"": 15, ""3"": 15, ""4"": 15, ""5"": 15, ""6"": 10, ""7"": 10}"
