dataset,n,scenario,seed,gap,source_file,gap_col_used
GermanOR,50,nominal,7,-37600.0,after_clean_gate_attribution\A_effect_w0_vs_clean_detailed.csv,A_gap_clean_minus_w0
GermanOR,50,nominal,11,-12006.04800000001,after_clean_gate_attribution\A_effect_w0_vs_clean_detailed.csv,A_gap_clean_minus_w0
GermanOR,50,nominal,19,-65091.744000000006,after_clean_gate_attribution\A_effect_w0_vs_clean_detailed.csv,A_gap_clean_minus_w0
GermanOR,50,nominal,23,-50500.0,after_clean_gate_attribution\A_effect_w0_vs_clean_detailed.csv,A_gap_clean_minus_w0
GermanOR,50,nominal,29,-34724.23200000002,after_clean_gate_attribution\A_effect_w0_vs_clean_detailed.csv,A_gap_clean_minus_w0
GermanOR,50,nominal,31,-1506.680000000022,after_clean_gate_attribution\A_effect_w0_vs_clean_detailed.csv,A_gap_clean_minus_w0
GermanOR,50,nominal,37,-11351.383999999993,after_clean_gate_attribution\A_effect_w0_vs_clean_detailed.csv,A_gap_clean_minus_w0
GermanOR,50,nominal,41,4500.0,after_clean_gate_attribution\A_effect_w0_vs_clean_detailed.csv,A_gap_clean_minus_w0
GermanOR,50,nominal,43,-25977.831999999995,after_clean_gate_attribution\A_effect_w0_vs_clean_detailed.csv,A_gap_clean_minus_w0
GermanOR,50,nominal,47,-65665.152,after_clean_gate_attribution\A_effect_w0_vs_clean_detailed.csv,A_gap_clean_minus_w0
GermanOR,50,transfer_bottleneck,7,-36595.35999999999,after_clean_gate_attribution\A_effect_w0_vs_clean_detailed.csv,A_gap_clean_minus_w0
GermanOR,50,transfer_bottleneck,11,-20791.583999999973,after_clean_gate_attribution\A_effect_w0_vs_clean_detailed.csv,A_gap_clean_minus_w0
GermanOR,50,transfer_bottleneck,19,-57600.0,after_clean_gate_attribution\A_effect_w0_vs_clean_detailed.csv,A_gap_clean_minus_w0
GermanOR,50,transfer_bottleneck,23,-38169.18400000001,after_clean_gate_attribution\A_effect_w0_vs_clean_detailed.csv,A_gap_clean_minus_w0
GermanOR,50,transfer_bottleneck,29,-37464.47200000001,after_clean_gate_attribution\A_effect_w0_vs_clean_detailed.csv,A_gap_clean_minus_w0
GermanOR,50,transfer_bottleneck,31,-17936.896000000008,after_clean_gate_attribution\A_effect_w0_vs_clean_detailed.csv,A_gap_clean_minus_w0
GermanOR,50,transfer_bottleneck,37,-13312.199999999952,after_clean_gate_attribution\A_effect_w0_vs_clean_detailed.csv,A_gap_clean_minus_w0
GermanOR,50,transfer_bottleneck,41,0.0,after_clean_gate_attribution\A_effect_w0_vs_clean_detailed.csv,A_gap_clean_minus_w0
GermanOR,50,transfer_bottleneck,43,-28567.73599999997,after_clean_gate_attribution\A_effect_w0_vs_clean_detailed.csv,A_gap_clean_minus_w0
GermanOR,50,transfer_bottleneck,47,-35424.38400000002,after_clean_gate_attribution\A_effect_w0_vs_clean_detailed.csv,A_gap_clean_minus_w0
GermanOR,70,nominal,7,-7350.0,after_clean_gate_attribution\A_effect_w0_vs_clean_detailed.csv,A_gap_clean_minus_w0
GermanOR,70,nominal,11,9961.983999999997,after_clean_gate_attribution\A_effect_w0_vs_clean_detailed.csv,A_gap_clean_minus_w0
GermanOR,70,nominal,19,0.0,after_clean_gate_attribution\A_effect_w0_vs_clean_detailed.csv,A_gap_clean_minus_w0
GermanOR,70,nominal,23,5756.744000000006,after_clean_gate_attribution\A_effect_w0_vs_clean_detailed.csv,A_gap_clean_minus_w0
GermanOR,70,nominal,29,-12900.0,after_clean_gate_attribution\A_effect_w0_vs_clean_detailed.csv,A_gap_clean_minus_w0
GermanOR,70,nominal,31,900.0,after_clean_gate_attribution\A_effect_w0_vs_clean_detailed.csv,A_gap_clean_minus_w0
GermanOR,70,nominal,37,-4500.0,after_clean_gate_attribution\A_effect_w0_vs_clean_detailed.csv,A_gap_clean_minus_w0
GermanOR,70,nominal,41,0.0,after_clean_gate_attribution\A_effect_w0_vs_clean_detailed.csv,A_gap_clean_minus_w0
GermanOR,70,nominal,43,-17750.0,after_clean_gate_attribution\A_effect_w0_vs_clean_detailed.csv,A_gap_clean_minus_w0
GermanOR,70,nominal,47,-17340.112000000023,after_clean_gate_attribution\A_effect_w0_vs_clean_detailed.csv,A_gap_clean_minus_w0
GermanOR,70,transfer_bottleneck,7,-4250.0,after_clean_gate_attribution\A_effect_w0_vs_clean_detailed.csv,A_gap_clean_minus_w0
GermanOR,70,transfer_bottleneck,11,7500.0,after_clean_gate_attribution\A_effect_w0_vs_clean_detailed.csv,A_gap_clean_minus_w0
GermanOR,70,transfer_bottleneck,19,-9100.0,after_clean_gate_attribution\A_effect_w0_vs_clean_detailed.csv,A_gap_clean_minus_w0
GermanOR,70,transfer_bottleneck,23,-15442.23999999999,after_clean_gate_attribution\A_effect_w0_vs_clean_detailed.csv,A_gap_clean_minus_w0
GermanOR,70,transfer_bottleneck,29,10900.0,after_clean_gate_attribution\A_effect_w0_vs_clean_detailed.csv,A_gap_clean_minus_w0
GermanOR,70,transfer_bottleneck,31,-12456.61599999998,after_clean_gate_attribution\A_effect_w0_vs_clean_detailed.csv,A_gap_clean_minus_w0
GermanOR,70,transfer_bottleneck,37,6800.0,after_clean_gate_attribution\A_effect_w0_vs_clean_detailed.csv,A_gap_clean_minus_w0
GermanOR,70,transfer_bottleneck,41,-8100.0,after_clean_gate_attribution\A_effect_w0_vs_clean_detailed.csv,A_gap_clean_minus_w0
GermanOR,70,transfer_bottleneck,43,0.0,after_clean_gate_attribution\A_effect_w0_vs_clean_detailed.csv,A_gap_clean_minus_w0
GermanOR,70,transfer_bottleneck,47,8236.687999999966,after_clean_gate_attribution\A_effect_w0_vs_clean_detailed.csv,A_gap_clean_minus_w0
GermanOR,100,nominal,7,24800.0,after_clean_gate_attribution\A_effect_w0_vs_clean_detailed.csv,A_gap_clean_minus_w0
GermanOR,100,nominal,11,17400.0,after_clean_gate_attribution\A_effect_w0_vs_clean_detailed.csv,A_gap_clean_minus_w0
GermanOR,100,nominal,19,-178289.23199999996,after_clean_gate_attribution\A_effect_w0_vs_clean_detailed.csv,A_gap_clean_minus_w0
GermanOR,100,nominal,23,104202.544,after_clean_gate_attribution\A_effect_w0_vs_clean_detailed.csv,A_gap_clean_minus_w0
GermanOR,100,nominal,29,-188260.248,after_clean_gate_attribution\A_effect_w0_vs_clean_detailed.csv,A_gap_clean_minus_w0
GermanOR,100,nominal,31,2500.0,after_clean_gate_attribution\A_effect_w0_vs_clean_detailed.csv,A_gap_clean_minus_w0
GermanOR,100,nominal,37,-176250.00000000006,after_clean_gate_attribution\A_effect_w0_vs_clean_detailed.csv,A_gap_clean_minus_w0
GermanOR,100,nominal,41,5000.0,after_clean_gate_attribution\A_effect_w0_vs_clean_detailed.csv,A_gap_clean_minus_w0
GermanOR,100,nominal,43,11150.0,after_clean_gate_attribution\A_effect_w0_vs_clean_detailed.csv,A_gap_clean_minus_w0
GermanOR,100,nominal,47,-11150.0,after_clean_gate_attribution\A_effect_w0_vs_clean_detailed.csv,A_gap_clean_minus_w0
GermanOR,100,transfer_bottleneck,7,15800.0,after_clean_gate_attribution\A_effect_w0_vs_clean_detailed.csv,A_gap_clean_minus_w0
GermanOR,100,transfer_bottleneck,11,-750.0,after_clean_gate_attribution\A_effect_w0_vs_clean_detailed.csv,A_gap_clean_minus_w0
GermanOR,100,transfer_bottleneck,19,31050.0,after_clean_gate_attribution\A_effect_w0_vs_clean_detailed.csv,A_gap_clean_minus_w0
GermanOR,100,transfer_bottleneck,23,1800.0,after_clean_gate_attribution\A_effect_w0_vs_clean_detailed.csv,A_gap_clean_minus_w0
GermanOR,100,transfer_bottleneck,29,-100650.0,after_clean_gate_attribution\A_effect_w0_vs_clean_detailed.csv,A_gap_clean_minus_w0
GermanOR,100,transfer_bottleneck,31,0.0,after_clean_gate_attribution\A_effect_w0_vs_clean_detailed.csv,A_gap_clean_minus_w0
GermanOR,100,transfer_bottleneck,37,-185250.0000000001,after_clean_gate_attribution\A_effect_w0_vs_clean_detailed.csv,A_gap_clean_minus_w0
GermanOR,100,transfer_bottleneck,41,900.0,after_clean_gate_attribution\A_effect_w0_vs_clean_detailed.csv,A_gap_clean_minus_w0
GermanOR,100,transfer_bottleneck,43,0.0,after_clean_gate_attribution\A_effect_w0_vs_clean_detailed.csv,A_gap_clean_minus_w0
GermanOR,100,transfer_bottleneck,47,-3900.0,after_clean_gate_attribution\A_effect_w0_vs_clean_detailed.csv,A_gap_clean_minus_w0
GermanOR,150,nominal,7,153070.25600000005,after_clean_gate_attribution\A_effect_w0_vs_clean_detailed.csv,A_gap_clean_minus_w0
GermanOR,150,nominal,11,28050.0,after_clean_gate_attribution\A_effect_w0_vs_clean_detailed.csv,A_gap_clean_minus_w0
GermanOR,150,nominal,19,155000.0,after_clean_gate_attribution\A_effect_w0_vs_clean_detailed.csv,A_gap_clean_minus_w0
GermanOR,150,nominal,23,170450.0,after_clean_gate_attribution\A_effect_w0_vs_clean_detailed.csv,A_gap_clean_minus_w0
GermanOR,150,nominal,29,98863.34400000004,after_clean_gate_attribution\A_effect_w0_vs_clean_detailed.csv,A_gap_clean_minus_w0
GermanOR,150,nominal,31,110726.576,after_clean_gate_attribution\A_effect_w0_vs_clean_detailed.csv,A_gap_clean_minus_w0
GermanOR,150,nominal,37,145490.984,after_clean_gate_attribution\A_effect_w0_vs_clean_detailed.csv,A_gap_clean_minus_w0
GermanOR,150,nominal,41,115878.76,after_clean_gate_attribution\A_effect_w0_vs_clean_detailed.csv,A_gap_clean_minus_w0
GermanOR,150,nominal,43,194906.84,after_clean_gate_attribution\A_effect_w0_vs_clean_detailed.csv,A_gap_clean_minus_w0
GermanOR,150,nominal,47,101022.82400000002,after_clean_gate_attribution\A_effect_w0_vs_clean_detailed.csv,A_gap_clean_minus_w0
GermanOR,150,transfer_bottleneck,7,186762.31200000003,after_clean_gate_attribution\A_effect_w0_vs_clean_detailed.csv,A_gap_clean_minus_w0
GermanOR,150,transfer_bottleneck,11,23650.0,after_clean_gate_attribution\A_effect_w0_vs_clean_detailed.csv,A_gap_clean_minus_w0
GermanOR,150,transfer_bottleneck,19,234649.37600000005,after_clean_gate_attribution\A_effect_w0_vs_clean_detailed.csv,A_gap_clean_minus_w0
GermanOR,150,transfer_bottleneck,23,168755.68000000005,after_clean_gate_attribution\A_effect_w0_vs_clean_detailed.csv,A_gap_clean_minus_w0
GermanOR,150,transfer_bottleneck,29,207879.096,after_clean_gate_attribution\A_effect_w0_vs_clean_detailed.csv,A_gap_clean_minus_w0
GermanOR,150,transfer_bottleneck,31,120213.14399999996,after_clean_gate_attribution\A_effect_w0_vs_clean_detailed.csv,A_gap_clean_minus_w0
GermanOR,150,transfer_bottleneck,37,180202.664,after_clean_gate_attribution\A_effect_w0_vs_clean_detailed.csv,A_gap_clean_minus_w0
GermanOR,150,transfer_bottleneck,41,107477.00800000005,after_clean_gate_attribution\A_effect_w0_vs_clean_detailed.csv,A_gap_clean_minus_w0
GermanOR,150,transfer_bottleneck,43,152550.0,after_clean_gate_attribution\A_effect_w0_vs_clean_detailed.csv,A_gap_clean_minus_w0
GermanOR,150,transfer_bottleneck,47,53150.0,after_clean_gate_attribution\A_effect_w0_vs_clean_detailed.csv,A_gap_clean_minus_w0
Mannino,50,nominal,7,-60350.0,after_clean_gate_attribution\A_effect_w0_vs_clean_detailed.csv,A_gap_clean_minus_w0
Mannino,50,nominal,11,0.0,after_clean_gate_attribution\A_effect_w0_vs_clean_detailed.csv,A_gap_clean_minus_w0
Mannino,50,nominal,19,-59100.0,after_clean_gate_attribution\A_effect_w0_vs_clean_detailed.csv,A_gap_clean_minus_w0
Mannino,50,nominal,23,-58976.0,after_clean_gate_attribution\A_effect_w0_vs_clean_detailed.csv,A_gap_clean_minus_w0
Mannino,50,nominal,29,-62500.0,after_clean_gate_attribution\A_effect_w0_vs_clean_detailed.csv,A_gap_clean_minus_w0
Mannino,50,nominal,31,-32275.60000000001,after_clean_gate_attribution\A_effect_w0_vs_clean_detailed.csv,A_gap_clean_minus_w0
Mannino,50,nominal,37,-33505.76000000001,after_clean_gate_attribution\A_effect_w0_vs_clean_detailed.csv,A_gap_clean_minus_w0
Mannino,50,nominal,41,-29800.0,after_clean_gate_attribution\A_effect_w0_vs_clean_detailed.csv,A_gap_clean_minus_w0
Mannino,50,nominal,43,-49600.0,after_clean_gate_attribution\A_effect_w0_vs_clean_detailed.csv,A_gap_clean_minus_w0
Mannino,50,nominal,47,-31800.0,after_clean_gate_attribution\A_effect_w0_vs_clean_detailed.csv,A_gap_clean_minus_w0
Mannino,50,transfer_bottleneck,7,-49450.0,after_clean_gate_attribution\A_effect_w0_vs_clean_detailed.csv,A_gap_clean_minus_w0
Mannino,50,transfer_bottleneck,11,-48188.40000000002,after_clean_gate_attribution\A_effect_w0_vs_clean_detailed.csv,A_gap_clean_minus_w0
Mannino,50,transfer_bottleneck,19,-34550.0,after_clean_gate_attribution\A_effect_w0_vs_clean_detailed.csv,A_gap_clean_minus_w0
Mannino,50,transfer_bottleneck,23,-52622.56,after_clean_gate_attribution\A_effect_w0_vs_clean_detailed.csv,A_gap_clean_minus_w0
Mannino,50,transfer_bottleneck,29,0.0,after_clean_gate_attribution\A_effect_w0_vs_clean_detailed.csv,A_gap_clean_minus_w0
Mannino,50,transfer_bottleneck,31,-39012.640000000014,after_clean_gate_attribution\A_effect_w0_vs_clean_detailed.csv,A_gap_clean_minus_w0
Mannino,50,transfer_bottleneck,37,-27331.599999999977,after_clean_gate_attribution\A_effect_w0_vs_clean_detailed.csv,A_gap_clean_minus_w0
Mannino,50,transfer_bottleneck,41,-27350.0,after_clean_gate_attribution\A_effect_w0_vs_clean_detailed.csv,A_gap_clean_minus_w0
Mannino,50,transfer_bottleneck,43,-49400.0,after_clean_gate_attribution\A_effect_w0_vs_clean_detailed.csv,A_gap_clean_minus_w0
Mannino,50,transfer_bottleneck,47,-14350.0,after_clean_gate_attribution\A_effect_w0_vs_clean_detailed.csv,A_gap_clean_minus_w0
Mannino,70,nominal,7,-4500.0,after_clean_gate_attribution\A_effect_w0_vs_clean_detailed.csv,A_gap_clean_minus_w0
Mannino,70,nominal,11,-17500.0,after_clean_gate_attribution\A_effect_w0_vs_clean_detailed.csv,A_gap_clean_minus_w0
Mannino,70,nominal,19,-18463.52000000002,after_clean_gate_attribution\A_effect_w0_vs_clean_detailed.csv,A_gap_clean_minus_w0
Mannino,70,nominal,23,-52487.919999999984,after_clean_gate_attribution\A_effect_w0_vs_clean_detailed.csv,A_gap_clean_minus_w0
Mannino,70,nominal,29,-7861.440000000002,after_clean_gate_attribution\A_effect_w0_vs_clean_detailed.csv,A_gap_clean_minus_w0
Mannino,70,nominal,31,-11750.0,after_clean_gate_attribution\A_effect_w0_vs_clean_detailed.csv,A_gap_clean_minus_w0
Mannino,70,nominal,37,-46501.44,after_clean_gate_attribution\A_effect_w0_vs_clean_detailed.csv,A_gap_clean_minus_w0
Mannino,70,nominal,41,0.0,after_clean_gate_attribution\A_effect_w0_vs_clean_detailed.csv,A_gap_clean_minus_w0
Mannino,70,nominal,43,-27455.280000000028,after_clean_gate_attribution\A_effect_w0_vs_clean_detailed.csv,A_gap_clean_minus_w0
Mannino,70,nominal,47,-2400.0,after_clean_gate_attribution\A_effect_w0_vs_clean_detailed.csv,A_gap_clean_minus_w0
Mannino,70,transfer_bottleneck,7,-4250.0,after_clean_gate_attribution\A_effect_w0_vs_clean_detailed.csv,A_gap_clean_minus_w0
Mannino,70,transfer_bottleneck,11,-6750.0,after_clean_gate_attribution\A_effect_w0_vs_clean_detailed.csv,A_gap_clean_minus_w0
Mannino,70,transfer_bottleneck,19,-30368.400000000023,after_clean_gate_attribution\A_effect_w0_vs_clean_detailed.csv,A_gap_clean_minus_w0
Mannino,70,transfer_bottleneck,23,900.0,after_clean_gate_attribution\A_effect_w0_vs_clean_detailed.csv,A_gap_clean_minus_w0
Mannino,70,transfer_bottleneck,29,-32474.56,after_clean_gate_attribution\A_effect_w0_vs_clean_detailed.csv,A_gap_clean_minus_w0
Mannino,70,transfer_bottleneck,31,-26316.15999999997,after_clean_gate_attribution\A_effect_w0_vs_clean_detailed.csv,A_gap_clean_minus_w0
Mannino,70,transfer_bottleneck,37,-31302.400000000023,after_clean_gate_attribution\A_effect_w0_vs_clean_detailed.csv,A_gap_clean_minus_w0
Mannino,70,transfer_bottleneck,41,-16941.440000000002,after_clean_gate_attribution\A_effect_w0_vs_clean_detailed.csv,A_gap_clean_minus_w0
Mannino,70,transfer_bottleneck,43,-42667.76000000001,after_clean_gate_attribution\A_effect_w0_vs_clean_detailed.csv,A_gap_clean_minus_w0
Mannino,70,transfer_bottleneck,47,-9000.0,after_clean_gate_attribution\A_effect_w0_vs_clean_detailed.csv,A_gap_clean_minus_w0
Mannino,100,nominal,7,-2645.0400000000373,after_clean_gate_attribution\A_effect_w0_vs_clean_detailed.csv,A_gap_clean_minus_w0
Mannino,100,nominal,11,17100.0,after_clean_gate_attribution\A_effect_w0_vs_clean_detailed.csv,A_gap_clean_minus_w0
Mannino,100,nominal,19,-4750.0,after_clean_gate_attribution\A_effect_w0_vs_clean_detailed.csv,A_gap_clean_minus_w0
Mannino,100,nominal,23,-750.0,after_clean_gate_attribution\A_effect_w0_vs_clean_detailed.csv,A_gap_clean_minus_w0
Mannino,100,nominal,29,900.0,after_clean_gate_attribution\A_effect_w0_vs_clean_detailed.csv,A_gap_clean_minus_w0
Mannino,100,nominal,31,-3900.0,after_clean_gate_attribution\A_effect_w0_vs_clean_detailed.csv,A_gap_clean_minus_w0
Mannino,100,nominal,37,900.0,after_clean_gate_attribution\A_effect_w0_vs_clean_detailed.csv,A_gap_clean_minus_w0
Mannino,100,nominal,41,-55600.0,after_clean_gate_attribution\A_effect_w0_vs_clean_detailed.csv,A_gap_clean_minus_w0
Mannino,100,nominal,43,-13350.0,after_clean_gate_attribution\A_effect_w0_vs_clean_detailed.csv,A_gap_clean_minus_w0
Mannino,100,nominal,47,5800.0,after_clean_gate_attribution\A_effect_w0_vs_clean_detailed.csv,A_gap_clean_minus_w0
Mannino,100,transfer_bottleneck,7,62961.35999999999,after_clean_gate_attribution\A_effect_w0_vs_clean_detailed.csv,A_gap_clean_minus_w0
Mannino,100,transfer_bottleneck,11,41450.0,after_clean_gate_attribution\A_effect_w0_vs_clean_detailed.csv,A_gap_clean_minus_w0
Mannino,100,transfer_bottleneck,19,-7200.0,after_clean_gate_attribution\A_effect_w0_vs_clean_detailed.csv,A_gap_clean_minus_w0
Mannino,100,transfer_bottleneck,23,17500.0,after_clean_gate_attribution\A_effect_w0_vs_clean_detailed.csv,A_gap_clean_minus_w0
Mannino,100,transfer_bottleneck,29,10900.0,after_clean_gate_attribution\A_effect_w0_vs_clean_detailed.csv,A_gap_clean_minus_w0
Mannino,100,transfer_bottleneck,31,8600.0,after_clean_gate_attribution\A_effect_w0_vs_clean_detailed.csv,A_gap_clean_minus_w0
Mannino,100,transfer_bottleneck,37,-27300.0,after_clean_gate_attribution\A_effect_w0_vs_clean_detailed.csv,A_gap_clean_minus_w0
Mannino,100,transfer_bottleneck,41,2500.0,after_clean_gate_attribution\A_effect_w0_vs_clean_detailed.csv,A_gap_clean_minus_w0
Mannino,100,transfer_bottleneck,43,-5000.0,after_clean_gate_attribution\A_effect_w0_vs_clean_detailed.csv,A_gap_clean_minus_w0
Mannino,100,transfer_bottleneck,47,2000.0,after_clean_gate_attribution\A_effect_w0_vs_clean_detailed.csv,A_gap_clean_minus_w0
Mannino,150,nominal,7,23300.0,after_clean_gate_attribution\A_effect_w0_vs_clean_detailed.csv,A_gap_clean_minus_w0
Mannino,150,nominal,11,148287.19999999995,after_clean_gate_attribution\A_effect_w0_vs_clean_detailed.csv,A_gap_clean_minus_w0
Mannino,150,nominal,19,116706.24,after_clean_gate_attribution\A_effect_w0_vs_clean_detailed.csv,A_gap_clean_minus_w0
Mannino,150,nominal,23,83296.16000000003,after_clean_gate_attribution\A_effect_w0_vs_clean_detailed.csv,A_gap_clean_minus_w0
Mannino,150,nominal,29,5900.0,after_clean_gate_attribution\A_effect_w0_vs_clean_detailed.csv,A_gap_clean_minus_w0
Mannino,150,nominal,31,-54567.12,after_clean_gate_attribution\A_effect_w0_vs_clean_detailed.csv,A_gap_clean_minus_w0
Mannino,150,nominal,37,-10996.319999999949,after_clean_gate_attribution\A_effect_w0_vs_clean_detailed.csv,A_gap_clean_minus_w0
Mannino,150,nominal,41,151425.68000000005,after_clean_gate_attribution\A_effect_w0_vs_clean_detailed.csv,A_gap_clean_minus_w0
Mannino,150,nominal,43,126758.64,after_clean_gate_attribution\A_effect_w0_vs_clean_detailed.csv,A_gap_clean_minus_w0
Mannino,150,nominal,47,88917.12,after_clean_gate_attribution\A_effect_w0_vs_clean_detailed.csv,A_gap_clean_minus_w0
Mannino,150,transfer_bottleneck,7,79686.40000000002,after_clean_gate_attribution\A_effect_w0_vs_clean_detailed.csv,A_gap_clean_minus_w0
Mannino,150,transfer_bottleneck,11,238093.92000000004,after_clean_gate_attribution\A_effect_w0_vs_clean_detailed.csv,A_gap_clean_minus_w0
Mannino,150,transfer_bottleneck,19,84800.47999999998,after_clean_gate_attribution\A_effect_w0_vs_clean_detailed.csv,A_gap_clean_minus_w0
Mannino,150,transfer_bottleneck,23,197487.76,after_clean_gate_attribution\A_effect_w0_vs_clean_detailed.csv,A_gap_clean_minus_w0
Mannino,150,transfer_bottleneck,29,18400.0,after_clean_gate_attribution\A_effect_w0_vs_clean_detailed.csv,A_gap_clean_minus_w0
Mannino,150,transfer_bottleneck,31,1800.0,after_clean_gate_attribution\A_effect_w0_vs_clean_detailed.csv,A_gap_clean_minus_w0
Mannino,150,transfer_bottleneck,37,21156.800000000047,after_clean_gate_attribution\A_effect_w0_vs_clean_detailed.csv,A_gap_clean_minus_w0
Mannino,150,transfer_bottleneck,41,126525.43999999994,after_clean_gate_attribution\A_effect_w0_vs_clean_detailed.csv,A_gap_clean_minus_w0
Mannino,150,transfer_bottleneck,43,219160.24,after_clean_gate_attribution\A_effect_w0_vs_clean_detailed.csv,A_gap_clean_minus_w0
Mannino,150,transfer_bottleneck,47,101120.88,after_clean_gate_attribution\A_effect_w0_vs_clean_detailed.csv,A_gap_clean_minus_w0
Synthetic,100,nominal,11,56250.87999999995,synthetic_abclean_Aonly_full_analysis_v2\A_effect_w0_vs_clean_detailed_synth.csv,A_gap_clean_minus_Aonly
Synthetic,100,nominal,19,22926.959999999963,synthetic_abclean_Aonly_full_analysis_v2\A_effect_w0_vs_clean_detailed_synth.csv,A_gap_clean_minus_Aonly
Synthetic,100,nominal,23,25415.68000000005,synthetic_abclean_Aonly_full_analysis_v2\A_effect_w0_vs_clean_detailed_synth.csv,A_gap_clean_minus_Aonly
Synthetic,100,nominal,29,78674.72000000009,synthetic_abclean_Aonly_full_analysis_v2\A_effect_w0_vs_clean_detailed_synth.csv,A_gap_clean_minus_Aonly
Synthetic,100,nominal,31,6905.520000000019,synthetic_abclean_Aonly_full_analysis_v2\A_effect_w0_vs_clean_detailed_synth.csv,A_gap_clean_minus_Aonly
Synthetic,100,nominal,37,15680.480000000098,synthetic_abclean_Aonly_full_analysis_v2\A_effect_w0_vs_clean_detailed_synth.csv,A_gap_clean_minus_Aonly
Synthetic,100,nominal,41,251146.64000000013,synthetic_abclean_Aonly_full_analysis_v2\A_effect_w0_vs_clean_detailed_synth.csv,A_gap_clean_minus_Aonly
Synthetic,100,nominal,43,85784.56000000006,synthetic_abclean_Aonly_full_analysis_v2\A_effect_w0_vs_clean_detailed_synth.csv,A_gap_clean_minus_Aonly
Synthetic,100,nominal,47,950.0,synthetic_abclean_Aonly_full_analysis_v2\A_effect_w0_vs_clean_detailed_synth.csv,A_gap_clean_minus_Aonly
Synthetic,100,nominal,7,-10050.0,synthetic_abclean_Aonly_full_analysis_v2\A_effect_w0_vs_clean_detailed_synth.csv,A_gap_clean_minus_Aonly
Synthetic,100,transfer_bottleneck,11,6649.919999999984,synthetic_abclean_Aonly_full_analysis_v2\A_effect_w0_vs_clean_detailed_synth.csv,A_gap_clean_minus_Aonly
Synthetic,100,transfer_bottleneck,19,67702.64000000001,synthetic_abclean_Aonly_full_analysis_v2\A_effect_w0_vs_clean_detailed_synth.csv,A_gap_clean_minus_Aonly
Synthetic,100,transfer_bottleneck,23,73985.43999999994,synthetic_abclean_Aonly_full_analysis_v2\A_effect_w0_vs_clean_detailed_synth.csv,A_gap_clean_minus_Aonly
Synthetic,100,transfer_bottleneck,29,-1449.6799999999348,synthetic_abclean_Aonly_full_analysis_v2\A_effect_w0_vs_clean_detailed_synth.csv,A_gap_clean_minus_Aonly
Synthetic,100,transfer_bottleneck,31,-39218.0,synthetic_abclean_Aonly_full_analysis_v2\A_effect_w0_vs_clean_detailed_synth.csv,A_gap_clean_minus_Aonly
Synthetic,100,transfer_bottleneck,37,15675.679999999937,synthetic_abclean_Aonly_full_analysis_v2\A_effect_w0_vs_clean_detailed_synth.csv,A_gap_clean_minus_Aonly
Synthetic,100,transfer_bottleneck,41,290138.31999999983,synthetic_abclean_Aonly_full_analysis_v2\A_effect_w0_vs_clean_detailed_synth.csv,A_gap_clean_minus_Aonly
Synthetic,100,transfer_bottleneck,43,-155913.76000000013,synthetic_abclean_Aonly_full_analysis_v2\A_effect_w0_vs_clean_detailed_synth.csv,A_gap_clean_minus_Aonly
Synthetic,100,transfer_bottleneck,47,0.0,synthetic_abclean_Aonly_full_analysis_v2\A_effect_w0_vs_clean_detailed_synth.csv,A_gap_clean_minus_Aonly
Synthetic,100,transfer_bottleneck,7,852.1599999999162,synthetic_abclean_Aonly_full_analysis_v2\A_effect_w0_vs_clean_detailed_synth.csv,A_gap_clean_minus_Aonly
Synthetic,150,nominal,11,-6946004.48,synthetic_abclean_Aonly_full_analysis_v2\A_effect_w0_vs_clean_detailed_synth.csv,A_gap_clean_minus_Aonly
Synthetic,150,nominal,19,41113.52000000002,synthetic_abclean_Aonly_full_analysis_v2\A_effect_w0_vs_clean_detailed_synth.csv,A_gap_clean_minus_Aonly
Synthetic,150,nominal,23,112229.04000000004,synthetic_abclean_Aonly_full_analysis_v2\A_effect_w0_vs_clean_detailed_synth.csv,A_gap_clean_minus_Aonly
Synthetic,150,nominal,29,-10104694.0,synthetic_abclean_Aonly_full_analysis_v2\A_effect_w0_vs_clean_detailed_synth.csv,A_gap_clean_minus_Aonly
Synthetic,150,nominal,31,8763909.120000001,synthetic_abclean_Aonly_full_analysis_v2\A_effect_w0_vs_clean_detailed_synth.csv,A_gap_clean_minus_Aonly
Synthetic,150,nominal,37,121818.79999999992,synthetic_abclean_Aonly_full_analysis_v2\A_effect_w0_vs_clean_detailed_synth.csv,A_gap_clean_minus_Aonly
Synthetic,150,nominal,41,197429.52,synthetic_abclean_Aonly_full_analysis_v2\A_effect_w0_vs_clean_detailed_synth.csv,A_gap_clean_minus_Aonly
Synthetic,150,nominal,43,8684294.96,synthetic_abclean_Aonly_full_analysis_v2\A_effect_w0_vs_clean_detailed_synth.csv,A_gap_clean_minus_Aonly
Synthetic,150,nominal,47,-2724650.0,synthetic_abclean_Aonly_full_analysis_v2\A_effect_w0_vs_clean_detailed_synth.csv,A_gap_clean_minus_Aonly
Synthetic,150,nominal,7,-1496540.88,synthetic_abclean_Aonly_full_analysis_v2\A_effect_w0_vs_clean_detailed_synth.csv,A_gap_clean_minus_Aonly
Synthetic,150,transfer_bottleneck,11,1686780.56,synthetic_abclean_Aonly_full_analysis_v2\A_effect_w0_vs_clean_detailed_synth.csv,A_gap_clean_minus_Aonly
Synthetic,150,transfer_bottleneck,19,164943.43999999994,synthetic_abclean_Aonly_full_analysis_v2\A_effect_w0_vs_clean_detailed_synth.csv,A_gap_clean_minus_Aonly
Synthetic,150,transfer_bottleneck,23,-377536.8800000001,synthetic_abclean_Aonly_full_analysis_v2\A_effect_w0_vs_clean_detailed_synth.csv,A_gap_clean_minus_Aonly
Synthetic,150,transfer_bottleneck,29,-284594.7999999998,synthetic_abclean_Aonly_full_analysis_v2\A_effect_w0_vs_clean_detailed_synth.csv,A_gap_clean_minus_Aonly
Synthetic,150,transfer_bottleneck,31,110153.36,synthetic_abclean_Aonly_full_analysis_v2\A_effect_w0_vs_clean_detailed_synth.csv,A_gap_clean_minus_Aonly
Synthetic,150,transfer_bottleneck,37,-258855.2000000002,synthetic_abclean_Aonly_full_analysis_v2\A_effect_w0_vs_clean_detailed_synth.csv,A_gap_clean_minus_Aonly
Synthetic,150,transfer_bottleneck,41,22884.80000000028,synthetic_abclean_Aonly_full_analysis_v2\A_effect_w0_vs_clean_detailed_synth.csv,A_gap_clean_minus_Aonly
Synthetic,150,transfer_bottleneck,43,10045772.000000002,synthetic_abclean_Aonly_full_analysis_v2\A_effect_w0_vs_clean_detailed_synth.csv,A_gap_clean_minus_Aonly
Synthetic,150,transfer_bottleneck,47,6052648.4,synthetic_abclean_Aonly_full_analysis_v2\A_effect_w0_vs_clean_detailed_synth.csv,A_gap_clean_minus_Aonly
Synthetic,150,transfer_bottleneck,7,105551.76,synthetic_abclean_Aonly_full_analysis_v2\A_effect_w0_vs_clean_detailed_synth.csv,A_gap_clean_minus_Aonly
Synthetic,50,nominal,11,1144.959999999992,synthetic_abclean_Aonly_full_analysis_v2\A_effect_w0_vs_clean_detailed_synth.csv,A_gap_clean_minus_Aonly
Synthetic,50,nominal,19,4158.160000000004,synthetic_abclean_Aonly_full_analysis_v2\A_effect_w0_vs_clean_detailed_synth.csv,A_gap_clean_minus_Aonly
Synthetic,50,nominal,23,-2402.8800000000047,synthetic_abclean_Aonly_full_analysis_v2\A_effect_w0_vs_clean_detailed_synth.csv,A_gap_clean_minus_Aonly
Synthetic,50,nominal,29,-9773.360000000044,synthetic_abclean_Aonly_full_analysis_v2\A_effect_w0_vs_clean_detailed_synth.csv,A_gap_clean_minus_Aonly
Synthetic,50,nominal,31,0.0,synthetic_abclean_Aonly_full_analysis_v2\A_effect_w0_vs_clean_detailed_synth.csv,A_gap_clean_minus_Aonly
Synthetic,50,nominal,37,-8466.640000000014,synthetic_abclean_Aonly_full_analysis_v2\A_effect_w0_vs_clean_detailed_synth.csv,A_gap_clean_minus_Aonly
Synthetic,50,nominal,41,0.0,synthetic_abclean_Aonly_full_analysis_v2\A_effect_w0_vs_clean_detailed_synth.csv,A_gap_clean_minus_Aonly
Synthetic,50,nominal,43,1409.6800000000512,synthetic_abclean_Aonly_full_analysis_v2\A_effect_w0_vs_clean_detailed_synth.csv,A_gap_clean_minus_Aonly
Synthetic,50,nominal,47,0.0,synthetic_abclean_Aonly_full_analysis_v2\A_effect_w0_vs_clean_detailed_synth.csv,A_gap_clean_minus_Aonly
Synthetic,50,nominal,7,0.0,synthetic_abclean_Aonly_full_analysis_v2\A_effect_w0_vs_clean_detailed_synth.csv,A_gap_clean_minus_Aonly
Synthetic,50,transfer_bottleneck,11,-7000.0,synthetic_abclean_Aonly_full_analysis_v2\A_effect_w0_vs_clean_detailed_synth.csv,A_gap_clean_minus_Aonly
Synthetic,50,transfer_bottleneck,19,-6905.359999999986,synthetic_abclean_Aonly_full_analysis_v2\A_effect_w0_vs_clean_detailed_synth.csv,A_gap_clean_minus_Aonly
Synthetic,50,transfer_bottleneck,23,-11000.0,synthetic_abclean_Aonly_full_analysis_v2\A_effect_w0_vs_clean_detailed_synth.csv,A_gap_clean_minus_Aonly
Synthetic,50,transfer_bottleneck,29,-3181.5200000000186,synthetic_abclean_Aonly_full_analysis_v2\A_effect_w0_vs_clean_detailed_synth.csv,A_gap_clean_minus_Aonly
Synthetic,50,transfer_bottleneck,31,-16087.359999999986,synthetic_abclean_Aonly_full_analysis_v2\A_effect_w0_vs_clean_detailed_synth.csv,A_gap_clean_minus_Aonly
Synthetic,50,transfer_bottleneck,37,4650.0,synthetic_abclean_Aonly_full_analysis_v2\A_effect_w0_vs_clean_detailed_synth.csv,A_gap_clean_minus_Aonly
Synthetic,50,transfer_bottleneck,41,567.1199999999953,synthetic_abclean_Aonly_full_analysis_v2\A_effect_w0_vs_clean_detailed_synth.csv,A_gap_clean_minus_Aonly
Synthetic,50,transfer_bottleneck,43,4481.039999999979,synthetic_abclean_Aonly_full_analysis_v2\A_effect_w0_vs_clean_detailed_synth.csv,A_gap_clean_minus_Aonly
Synthetic,50,transfer_bottleneck,47,0.0,synthetic_abclean_Aonly_full_analysis_v2\A_effect_w0_vs_clean_detailed_synth.csv,A_gap_clean_minus_Aonly
Synthetic,50,transfer_bottleneck,7,0.0,synthetic_abclean_Aonly_full_analysis_v2\A_effect_w0_vs_clean_detailed_synth.csv,A_gap_clean_minus_Aonly
Synthetic,70,nominal,11,5224.160000000033,synthetic_abclean_Aonly_full_analysis_v2\A_effect_w0_vs_clean_detailed_synth.csv,A_gap_clean_minus_Aonly
Synthetic,70,nominal,19,-17477.280000000028,synthetic_abclean_Aonly_full_analysis_v2\A_effect_w0_vs_clean_detailed_synth.csv,A_gap_clean_minus_Aonly
Synthetic,70,nominal,23,-11800.0,synthetic_abclean_Aonly_full_analysis_v2\A_effect_w0_vs_clean_detailed_synth.csv,A_gap_clean_minus_Aonly
Synthetic,70,nominal,29,17258.320000000007,synthetic_abclean_Aonly_full_analysis_v2\A_effect_w0_vs_clean_detailed_synth.csv,A_gap_clean_minus_Aonly
Synthetic,70,nominal,31,-5896.880000000005,synthetic_abclean_Aonly_full_analysis_v2\A_effect_w0_vs_clean_detailed_synth.csv,A_gap_clean_minus_Aonly
Synthetic,70,nominal,37,11515.919999999984,synthetic_abclean_Aonly_full_analysis_v2\A_effect_w0_vs_clean_detailed_synth.csv,A_gap_clean_minus_Aonly
Synthetic,70,nominal,41,-25970.23999999999,synthetic_abclean_Aonly_full_analysis_v2\A_effect_w0_vs_clean_detailed_synth.csv,A_gap_clean_minus_Aonly
Synthetic,70,nominal,43,8064.799999999988,synthetic_abclean_Aonly_full_analysis_v2\A_effect_w0_vs_clean_detailed_synth.csv,A_gap_clean_minus_Aonly
Synthetic,70,nominal,47,-2200.0,synthetic_abclean_Aonly_full_analysis_v2\A_effect_w0_vs_clean_detailed_synth.csv,A_gap_clean_minus_Aonly
Synthetic,70,nominal,7,-2999.7600000000093,synthetic_abclean_Aonly_full_analysis_v2\A_effect_w0_vs_clean_detailed_synth.csv,A_gap_clean_minus_Aonly
Synthetic,70,transfer_bottleneck,11,2497.360000000044,synthetic_abclean_Aonly_full_analysis_v2\A_effect_w0_vs_clean_detailed_synth.csv,A_gap_clean_minus_Aonly
Synthetic,70,transfer_bottleneck,19,-12238.719999999972,synthetic_abclean_Aonly_full_analysis_v2\A_effect_w0_vs_clean_detailed_synth.csv,A_gap_clean_minus_Aonly
Synthetic,70,transfer_bottleneck,23,-18162.399999999965,synthetic_abclean_Aonly_full_analysis_v2\A_effect_w0_vs_clean_detailed_synth.csv,A_gap_clean_minus_Aonly
Synthetic,70,transfer_bottleneck,29,29631.359999999982,synthetic_abclean_Aonly_full_analysis_v2\A_effect_w0_vs_clean_detailed_synth.csv,A_gap_clean_minus_Aonly
Synthetic,70,transfer_bottleneck,31,0.0,synthetic_abclean_Aonly_full_analysis_v2\A_effect_w0_vs_clean_detailed_synth.csv,A_gap_clean_minus_Aonly
Synthetic,70,transfer_bottleneck,37,2681.7600000000093,synthetic_abclean_Aonly_full_analysis_v2\A_effect_w0_vs_clean_detailed_synth.csv,A_gap_clean_minus_Aonly
Synthetic,70,transfer_bottleneck,41,-10100.0,synthetic_abclean_Aonly_full_analysis_v2\A_effect_w0_vs_clean_detailed_synth.csv,A_gap_clean_minus_Aonly
Synthetic,70,transfer_bottleneck,43,-6868.72000000003,synthetic_abclean_Aonly_full_analysis_v2\A_effect_w0_vs_clean_detailed_synth.csv,A_gap_clean_minus_Aonly
Synthetic,70,transfer_bottleneck,47,0.0,synthetic_abclean_Aonly_full_analysis_v2\A_effect_w0_vs_clean_detailed_synth.csv,A_gap_clean_minus_Aonly
Synthetic,70,transfer_bottleneck,7,-2100.0,synthetic_abclean_Aonly_full_analysis_v2\A_effect_w0_vs_clean_detailed_synth.csv,A_gap_clean_minus_Aonly
