dataset,n,scenario,seed,gap,gap_component__exact_high_deficit,base_exact_high_deficit,treatment_exact_high_deficit,gap_component__exact_volume_deficit,base_exact_volume_deficit,treatment_exact_volume_deficit,gap_component__exact_volume_excess,base_exact_volume_excess,treatment_exact_volume_excess,gap_component__exact_violation,base_exact_violation,treatment_exact_violation,gap_component__exact_blocked,base_exact_blocked,treatment_exact_blocked,gap_component__exact_ward_excess,base_exact_ward_excess,treatment_exact_ward_excess,gap_component__exact_peak,base_exact_peak,treatment_exact_peak,gap_component__exact_icu_excess,base_exact_icu_excess,treatment_exact_icu_excess,gap_component__exact_overtime,base_exact_overtime,treatment_exact_overtime,delta_blocked,delta_peak,delta_icu_excess,delta_viol,extra_high_missed_by_A,raw_base_components_available,raw_treatment_components_available,dominant_component,dominant_component_value,tail_class
Synthetic,100,nominal,11,56250.87999999995,0.0,0.0,0.0,0.0,0.0,0.0,0.0,0.0,0.0,4500.0,70.0,69.0,35000.0,158.0,123.0,2500.0,1.0,0.0,7200.0,35.0,27.0,7000.0,196.0,168.0,50.88000000000102,1199.68,1193.32,35.0,8.0,28.0,-1.0,0.0,"exact_blocked,exact_high_deficit,exact_icu_excess,exact_overtime,exact_peak,exact_violation,exact_volume_deficit,exact_volume_excess,exact_ward_excess","exact_blocked,exact_high_deficit,exact_icu_excess,exact_overtime,exact_peak,exact_violation,exact_volume_deficit,exact_volume_excess,exact_ward_excess",exact_blocked,35000.0,middle
Synthetic,100,nominal,19,22926.959999999963,0.0,0.0,0.0,0.0,0.0,0.0,0.0,0.0,0.0,-31500.0,101.0,108.0,44000.0,157.0,113.0,0.0,0.0,0.0,9900.0,32.0,21.0,6750.0,232.0,205.0,-6223.04,0.0,777.88,44.0,11.0,27.0,7.0,0.0,"exact_blocked,exact_high_deficit,exact_icu_excess,exact_overtime,exact_peak,exact_violation,exact_volume_deficit,exact_volume_excess,exact_ward_excess","exact_blocked,exact_high_deficit,exact_icu_excess,exact_overtime,exact_peak,exact_violation,exact_volume_deficit,exact_volume_excess,exact_ward_excess",exact_blocked,44000.0,middle
Synthetic,100,nominal,23,25415.68000000005,0.0,0.0,0.0,0.0,0.0,0.0,0.0,0.0,0.0,0.0,132.0,132.0,24000.0,161.0,137.0,-2500.0,12.0,13.0,3600.0,37.0,33.0,2500.0,197.0,187.0,-2184.32,72.6,345.64,24.0,4.0,10.0,0.0,0.0,"exact_blocked,exact_high_deficit,exact_icu_excess,exact_overtime,exact_peak,exact_violation,exact_volume_deficit,exact_volume_excess,exact_ward_excess","exact_blocked,exact_high_deficit,exact_icu_excess,exact_overtime,exact_peak,exact_violation,exact_volume_deficit,exact_volume_excess,exact_ward_excess",exact_blocked,24000.0,middle
Synthetic,100,nominal,29,78674.72000000009,0.0,0.0,0.0,0.0,0.0,0.0,0.0,0.0,0.0,31500.0,95.0,88.0,26000.0,141.0,115.0,10000.0,12.0,8.0,7200.0,39.0,31.0,4500.0,205.0,187.0,-525.28,75.38,141.04,26.0,8.0,18.0,-7.0,0.0,"exact_blocked,exact_high_deficit,exact_icu_excess,exact_overtime,exact_peak,exact_violation,exact_volume_deficit,exact_volume_excess,exact_ward_excess","exact_blocked,exact_high_deficit,exact_icu_excess,exact_overtime,exact_peak,exact_violation,exact_volume_deficit,exact_volume_excess,exact_ward_excess",exact_violation,31500.0,middle
Synthetic,100,nominal,31,6905.520000000019,0.0,0.0,0.0,0.0,0.0,0.0,0.0,0.0,0.0,-18000.0,78.0,82.0,21000.0,131.0,110.0,0.0,0.0,0.0,4500.0,33.0,28.0,2250.0,199.0,190.0,-2844.48,0.0,355.56,21.0,5.0,9.0,4.0,0.0,"exact_blocked,exact_high_deficit,exact_icu_excess,exact_overtime,exact_peak,exact_violation,exact_volume_deficit,exact_volume_excess,exact_ward_excess","exact_blocked,exact_high_deficit,exact_icu_excess,exact_overtime,exact_peak,exact_violation,exact_volume_deficit,exact_volume_excess,exact_ward_excess",exact_blocked,21000.0,middle
Synthetic,100,nominal,37,15680.480000000098,0.0,0.0,0.0,0.0,0.0,0.0,0.0,0.0,0.0,-27000.0,92.0,98.0,29000.0,153.0,124.0,2500.0,1.0,0.0,7200.0,34.0,26.0,4250.0,221.0,204.0,-269.5199999999995,880.74,914.43,29.0,8.0,17.0,6.0,0.0,"exact_blocked,exact_high_deficit,exact_icu_excess,exact_overtime,exact_peak,exact_violation,exact_volume_deficit,exact_volume_excess,exact_ward_excess","exact_blocked,exact_high_deficit,exact_icu_excess,exact_overtime,exact_peak,exact_violation,exact_volume_deficit,exact_volume_excess,exact_ward_excess",exact_blocked,29000.0,middle
Synthetic,100,nominal,41,251146.64000000013,0.0,1.0,1.0,0.0,0.0,0.0,0.0,0.0,0.0,193500.0,139.0,96.0,34000.0,130.0,96.0,10000.0,7.0,3.0,6300.0,27.0,20.0,7250.0,178.0,149.0,96.63999999999942,577.27,565.19,34.0,7.0,29.0,-43.0,0.0,"exact_blocked,exact_high_deficit,exact_icu_excess,exact_overtime,exact_peak,exact_violation,exact_volume_deficit,exact_volume_excess,exact_ward_excess","exact_blocked,exact_high_deficit,exact_icu_excess,exact_overtime,exact_peak,exact_violation,exact_volume_deficit,exact_volume_excess,exact_ward_excess",exact_violation,193500.0,big_winner
Synthetic,100,nominal,43,85784.56000000006,0.0,0.0,0.0,0.0,0.0,0.0,0.0,0.0,0.0,0.0,150.0,150.0,57000.0,147.0,90.0,12500.0,5.0,0.0,1800.0,30.0,28.0,13000.0,191.0,139.0,1484.5600000000004,522.82,337.25,57.0,2.0,52.0,0.0,0.0,"exact_blocked,exact_high_deficit,exact_icu_excess,exact_overtime,exact_peak,exact_violation,exact_volume_deficit,exact_volume_excess,exact_ward_excess","exact_blocked,exact_high_deficit,exact_icu_excess,exact_overtime,exact_peak,exact_violation,exact_volume_deficit,exact_volume_excess,exact_ward_excess",exact_blocked,57000.0,middle
Synthetic,100,nominal,47,950.0,0.0,0.0,0.0,0.0,0.0,0.0,0.0,0.0,0.0,4500.0,34.0,33.0,-2000.0,107.0,109.0,0.0,0.0,0.0,-1800.0,19.0,21.0,250.0,182.0,181.0,0.0,1323.02,1323.02,-2.0,-2.0,1.0,-1.0,0.0,"exact_blocked,exact_high_deficit,exact_icu_excess,exact_overtime,exact_peak,exact_violation,exact_volume_deficit,exact_volume_excess,exact_ward_excess","exact_blocked,exact_high_deficit,exact_icu_excess,exact_overtime,exact_peak,exact_violation,exact_volume_deficit,exact_volume_excess,exact_ward_excess",exact_violation,4500.0,middle
Synthetic,100,nominal,7,-10050.0,0.0,0.0,0.0,0.0,0.0,0.0,0.0,0.0,0.0,-22500.0,66.0,71.0,9000.0,153.0,144.0,0.0,5.0,5.0,2700.0,40.0,37.0,750.0,199.0,196.0,0.0,0.66,0.66,9.0,3.0,3.0,5.0,0.0,"exact_blocked,exact_high_deficit,exact_icu_excess,exact_overtime,exact_peak,exact_violation,exact_volume_deficit,exact_volume_excess,exact_ward_excess","exact_blocked,exact_high_deficit,exact_icu_excess,exact_overtime,exact_peak,exact_violation,exact_volume_deficit,exact_volume_excess,exact_ward_excess",exact_violation,-22500.0,middle
Synthetic,100,transfer_bottleneck,11,6649.919999999984,0.0,0.0,0.0,0.0,0.0,0.0,0.0,0.0,0.0,-18000.0,56.0,60.0,16000.0,148.0,132.0,0.0,9.0,9.0,5400.0,35.0,29.0,4250.0,177.0,160.0,-1000.08,1348.49,1473.5,16.0,6.0,17.0,4.0,0.0,"exact_blocked,exact_high_deficit,exact_icu_excess,exact_overtime,exact_peak,exact_violation,exact_volume_deficit,exact_volume_excess,exact_ward_excess","exact_blocked,exact_high_deficit,exact_icu_excess,exact_overtime,exact_peak,exact_violation,exact_volume_deficit,exact_volume_excess,exact_ward_excess",exact_violation,-18000.0,middle
Synthetic,100,transfer_bottleneck,19,67702.64000000001,0.0,0.0,0.0,0.0,0.0,0.0,0.0,0.0,0.0,-4500.0,105.0,106.0,53000.0,172.0,119.0,0.0,4.0,4.0,10800.0,34.0,22.0,8500.0,248.0,214.0,-97.35999999999969,655.94,668.11,53.0,12.0,34.0,1.0,0.0,"exact_blocked,exact_high_deficit,exact_icu_excess,exact_overtime,exact_peak,exact_violation,exact_volume_deficit,exact_volume_excess,exact_ward_excess","exact_blocked,exact_high_deficit,exact_icu_excess,exact_overtime,exact_peak,exact_violation,exact_volume_deficit,exact_volume_excess,exact_ward_excess",exact_blocked,53000.0,middle
Synthetic,100,transfer_bottleneck,23,73985.43999999994,0.0,0.0,0.0,0.0,0.0,0.0,0.0,0.0,0.0,36000.0,124.0,116.0,27000.0,171.0,144.0,0.0,22.0,22.0,6300.0,43.0,36.0,4500.0,215.0,197.0,185.44000000000003,441.01,417.83,27.0,7.0,18.0,-8.0,0.0,"exact_blocked,exact_high_deficit,exact_icu_excess,exact_overtime,exact_peak,exact_violation,exact_volume_deficit,exact_volume_excess,exact_ward_excess","exact_blocked,exact_high_deficit,exact_icu_excess,exact_overtime,exact_peak,exact_violation,exact_volume_deficit,exact_volume_excess,exact_ward_excess",exact_violation,36000.0,middle
Synthetic,100,transfer_bottleneck,29,-1449.6799999999348,0.0,0.0,0.0,0.0,0.0,0.0,0.0,0.0,0.0,-45000.0,93.0,103.0,30000.0,136.0,106.0,2500.0,12.0,11.0,5400.0,34.0,28.0,6250.0,188.0,163.0,-599.68,78.05,153.01,30.0,6.0,25.0,10.0,0.0,"exact_blocked,exact_high_deficit,exact_icu_excess,exact_overtime,exact_peak,exact_violation,exact_volume_deficit,exact_volume_excess,exact_ward_excess","exact_blocked,exact_high_deficit,exact_icu_excess,exact_overtime,exact_peak,exact_violation,exact_volume_deficit,exact_volume_excess,exact_ward_excess",exact_violation,-45000.0,middle
Synthetic,100,transfer_bottleneck,31,-39218.0,0.0,0.0,0.0,0.0,0.0,0.0,0.0,0.0,0.0,-76500.0,72.0,89.0,27000.0,141.0,114.0,2500.0,3.0,2.0,10800.0,37.0,25.0,2500.0,204.0,194.0,-5518.0,2.93,692.68,27.0,12.0,10.0,17.0,0.0,"exact_blocked,exact_high_deficit,exact_icu_excess,exact_overtime,exact_peak,exact_violation,exact_volume_deficit,exact_volume_excess,exact_ward_excess","exact_blocked,exact_high_deficit,exact_icu_excess,exact_overtime,exact_peak,exact_violation,exact_volume_deficit,exact_volume_excess,exact_ward_excess",exact_violation,-76500.0,catastrophic_loser
Synthetic,100,transfer_bottleneck,37,15675.679999999937,0.0,0.0,0.0,0.0,0.0,0.0,0.0,0.0,0.0,-4500.0,72.0,73.0,17000.0,159.0,142.0,-2500.0,9.0,10.0,2700.0,38.0,35.0,3750.0,223.0,208.0,-774.3199999999997,1412.04,1508.83,17.0,3.0,15.0,1.0,0.0,"exact_blocked,exact_high_deficit,exact_icu_excess,exact_overtime,exact_peak,exact_violation,exact_volume_deficit,exact_volume_excess,exact_ward_excess","exact_blocked,exact_high_deficit,exact_icu_excess,exact_overtime,exact_peak,exact_violation,exact_volume_deficit,exact_volume_excess,exact_ward_excess",exact_blocked,17000.0,middle
Synthetic,100,transfer_bottleneck,41,290138.31999999983,0.0,1.0,1.0,0.0,0.0,0.0,0.0,0.0,0.0,220500.0,138.0,89.0,39000.0,151.0,112.0,12500.0,11.0,6.0,9000.0,34.0,24.0,9000.0,196.0,160.0,138.32,35.79,18.5,39.0,10.0,36.0,-49.0,0.0,"exact_blocked,exact_high_deficit,exact_icu_excess,exact_overtime,exact_peak,exact_violation,exact_volume_deficit,exact_volume_excess,exact_ward_excess","exact_blocked,exact_high_deficit,exact_icu_excess,exact_overtime,exact_peak,exact_violation,exact_volume_deficit,exact_volume_excess,exact_ward_excess",exact_violation,220500.0,big_winner
Synthetic,100,transfer_bottleneck,43,-155913.76000000013,0.0,0.0,0.0,0.0,0.0,0.0,0.0,0.0,0.0,-211500.0,152.0,199.0,33000.0,158.0,125.0,10000.0,5.0,1.0,2700.0,35.0,32.0,10500.0,198.0,156.0,-613.76,3.42,80.14,33.0,3.0,42.0,47.0,0.0,"exact_blocked,exact_high_deficit,exact_icu_excess,exact_overtime,exact_peak,exact_violation,exact_volume_deficit,exact_volume_excess,exact_ward_excess","exact_blocked,exact_high_deficit,exact_icu_excess,exact_overtime,exact_peak,exact_violation,exact_volume_deficit,exact_volume_excess,exact_ward_excess",exact_violation,-211500.0,catastrophic_loser
Synthetic,100,transfer_bottleneck,47,0.0,0.0,0.0,0.0,0.0,0.0,0.0,0.0,0.0,0.0,0.0,33.0,33.0,0.0,136.0,136.0,0.0,0.0,0.0,0.0,27.0,27.0,0.0,213.0,213.0,0.0,1328.02,1328.02,0.0,0.0,0.0,0.0,0.0,"exact_blocked,exact_high_deficit,exact_icu_excess,exact_overtime,exact_peak,exact_violation,exact_volume_deficit,exact_volume_excess,exact_ward_excess","exact_blocked,exact_high_deficit,exact_icu_excess,exact_overtime,exact_peak,exact_violation,exact_volume_deficit,exact_volume_excess,exact_ward_excess",exact_high_deficit,0.0,middle
Synthetic,100,transfer_bottleneck,7,852.1599999999162,0.0,0.0,0.0,0.0,0.0,0.0,0.0,0.0,0.0,-9000.0,67.0,69.0,8000.0,142.0,134.0,0.0,3.0,3.0,2700.0,30.0,27.0,2250.0,200.0,191.0,-3097.84,1335.9,1723.13,8.0,3.0,9.0,2.0,0.0,"exact_blocked,exact_high_deficit,exact_icu_excess,exact_overtime,exact_peak,exact_violation,exact_volume_deficit,exact_volume_excess,exact_ward_excess","exact_blocked,exact_high_deficit,exact_icu_excess,exact_overtime,exact_peak,exact_violation,exact_volume_deficit,exact_volume_excess,exact_ward_excess",exact_violation,-9000.0,middle
Synthetic,150,nominal,11,-6946004.48,-7500000.0,3.0,8.0,0.0,0.0,0.0,0.0,0.0,0.0,450000.0,318.0,218.0,72000.0,187.0,115.0,0.0,1.0,1.0,14400.0,39.0,23.0,20500.0,237.0,155.0,-2904.48,633.83,996.89,72.0,16.0,82.0,-100.0,5.0,"exact_blocked,exact_high_deficit,exact_icu_excess,exact_overtime,exact_peak,exact_violation,exact_volume_deficit,exact_volume_excess,exact_ward_excess","exact_blocked,exact_high_deficit,exact_icu_excess,exact_overtime,exact_peak,exact_violation,exact_volume_deficit,exact_volume_excess,exact_ward_excess",exact_high_deficit,-7500000.0,catastrophic_loser
Synthetic,150,nominal,19,41113.52000000002,0.0,0.0,0.0,0.0,0.0,0.0,0.0,0.0,0.0,-54000.0,189.0,201.0,68000.0,172.0,104.0,0.0,0.0,0.0,10800.0,35.0,23.0,16500.0,225.0,159.0,-186.48,0.0,23.31,68.0,12.0,66.0,12.0,0.0,"exact_blocked,exact_high_deficit,exact_icu_excess,exact_overtime,exact_peak,exact_violation,exact_volume_deficit,exact_volume_excess,exact_ward_excess","exact_blocked,exact_high_deficit,exact_icu_excess,exact_overtime,exact_peak,exact_violation,exact_volume_deficit,exact_volume_excess,exact_ward_excess",exact_blocked,68000.0,middle
Synthetic,150,nominal,23,112229.04000000004,0.0,0.0,0.0,0.0,0.0,0.0,0.0,0.0,0.0,49500.0,188.0,177.0,49000.0,160.0,111.0,-7500.0,1.0,4.0,9000.0,30.0,20.0,10750.0,222.0,179.0,1479.04,1029.95,845.07,49.0,10.0,43.0,-11.0,0.0,"exact_blocked,exact_high_deficit,exact_icu_excess,exact_overtime,exact_peak,exact_violation,exact_volume_deficit,exact_volume_excess,exact_ward_excess","exact_blocked,exact_high_deficit,exact_icu_excess,exact_overtime,exact_peak,exact_violation,exact_volume_deficit,exact_volume_excess,exact_ward_excess",exact_violation,49500.0,middle
Synthetic,150,nominal,29,-10104694.0,-10500000.0,0.0,7.0,0.0,0.0,0.0,0.0,0.0,0.0,297000.0,243.0,177.0,69000.0,190.0,121.0,-5000.0,1.0,3.0,16200.0,40.0,22.0,19500.0,249.0,171.0,-1394.0,721.41,895.66,69.0,18.0,78.0,-66.0,7.0,"exact_blocked,exact_high_deficit,exact_icu_excess,exact_overtime,exact_peak,exact_violation,exact_volume_deficit,exact_volume_excess,exact_ward_excess","exact_blocked,exact_high_deficit,exact_icu_excess,exact_overtime,exact_peak,exact_violation,exact_volume_deficit,exact_volume_excess,exact_ward_excess",exact_high_deficit,-10500000.0,catastrophic_loser
Synthetic,150,nominal,31,8763909.120000001,9000000.0,7.0,1.0,0.0,0.0,0.0,0.0,0.0,0.0,-310500.0,158.0,227.0,55000.0,165.0,110.0,0.0,0.0,0.0,6300.0,40.0,33.0,13000.0,215.0,163.0,109.12000000000036,378.04,364.4,55.0,7.0,52.0,69.0,-6.0,"exact_blocked,exact_high_deficit,exact_icu_excess,exact_overtime,exact_peak,exact_violation,exact_volume_deficit,exact_volume_excess,exact_ward_excess","exact_blocked,exact_high_deficit,exact_icu_excess,exact_overtime,exact_peak,exact_violation,exact_volume_deficit,exact_volume_excess,exact_ward_excess",exact_high_deficit,9000000.0,big_winner
Synthetic,150,nominal,37,121818.79999999992,0.0,0.0,0.0,0.0,0.0,0.0,0.0,0.0,0.0,58500.0,202.0,189.0,45000.0,156.0,111.0,0.0,0.0,0.0,8100.0,39.0,30.0,10500.0,213.0,171.0,-281.20000000000005,64.74,99.89,45.0,9.0,42.0,-13.0,0.0,"exact_blocked,exact_high_deficit,exact_icu_excess,exact_overtime,exact_peak,exact_violation,exact_volume_deficit,exact_volume_excess,exact_ward_excess","exact_blocked,exact_high_deficit,exact_icu_excess,exact_overtime,exact_peak,exact_violation,exact_volume_deficit,exact_volume_excess,exact_ward_excess",exact_violation,58500.0,middle
Synthetic,150,nominal,41,197429.52,0.0,1.0,1.0,0.0,0.0,0.0,0.0,0.0,0.0,126000.0,175.0,147.0,50000.0,163.0,113.0,0.0,0.0,0.0,8100.0,32.0,23.0,9500.0,198.0,160.0,3829.52,573.0,94.31,50.0,9.0,38.0,-28.0,0.0,"exact_blocked,exact_high_deficit,exact_icu_excess,exact_overtime,exact_peak,exact_violation,exact_volume_deficit,exact_volume_excess,exact_ward_excess","exact_blocked,exact_high_deficit,exact_icu_excess,exact_overtime,exact_peak,exact_violation,exact_volume_deficit,exact_volume_excess,exact_ward_excess",exact_violation,126000.0,middle
Synthetic,150,nominal,43,8684294.96,9000000.0,12.0,6.0,0.0,0.0,0.0,0.0,0.0,0.0,-423000.0,192.0,286.0,76000.0,205.0,129.0,0.0,0.0,0.0,11700.0,46.0,33.0,19250.0,250.0,173.0,344.96000000000004,363.58,320.46,76.0,13.0,77.0,94.0,-6.0,"exact_blocked,exact_high_deficit,exact_icu_excess,exact_overtime,exact_peak,exact_violation,exact_volume_deficit,exact_volume_excess,exact_ward_excess","exact_blocked,exact_high_deficit,exact_icu_excess,exact_overtime,exact_peak,exact_violation,exact_volume_deficit,exact_volume_excess,exact_ward_excess",exact_high_deficit,9000000.0,big_winner
Synthetic,150,nominal,47,-2724650.0,-3000000.0,0.0,2.0,0.0,0.0,0.0,0.0,0.0,0.0,238500.0,214.0,161.0,21000.0,138.0,117.0,0.0,0.0,0.0,8100.0,36.0,27.0,7750.0,238.0,207.0,0.0,14.72,14.72,21.0,9.0,31.0,-53.0,2.0,"exact_blocked,exact_high_deficit,exact_icu_excess,exact_overtime,exact_peak,exact_violation,exact_volume_deficit,exact_volume_excess,exact_ward_excess","exact_blocked,exact_high_deficit,exact_icu_excess,exact_overtime,exact_peak,exact_violation,exact_volume_deficit,exact_volume_excess,exact_ward_excess",exact_high_deficit,-3000000.0,catastrophic_loser
Synthetic,150,nominal,7,-1496540.88,-1500000.0,0.0,1.0,0.0,0.0,0.0,0.0,0.0,0.0,-99000.0,234.0,256.0,75000.0,174.0,99.0,-2500.0,0.0,1.0,13500.0,35.0,20.0,16500.0,217.0,151.0,-40.88000000000011,203.6,208.71,75.0,15.0,66.0,22.0,1.0,"exact_blocked,exact_high_deficit,exact_icu_excess,exact_overtime,exact_peak,exact_violation,exact_volume_deficit,exact_volume_excess,exact_ward_excess","exact_blocked,exact_high_deficit,exact_icu_excess,exact_overtime,exact_peak,exact_violation,exact_volume_deficit,exact_volume_excess,exact_ward_excess",exact_high_deficit,-1500000.0,catastrophic_loser
Synthetic,150,transfer_bottleneck,11,1686780.56,1500000.0,2.0,1.0,0.0,0.0,0.0,0.0,0.0,0.0,76500.0,314.0,297.0,78000.0,211.0,133.0,2500.0,1.0,0.0,9900.0,47.0,36.0,21250.0,261.0,176.0,-1369.4399999999996,386.73,557.91,78.0,11.0,85.0,-17.0,-1.0,"exact_blocked,exact_high_deficit,exact_icu_excess,exact_overtime,exact_peak,exact_violation,exact_volume_deficit,exact_volume_excess,exact_ward_excess","exact_blocked,exact_high_deficit,exact_icu_excess,exact_overtime,exact_peak,exact_violation,exact_volume_deficit,exact_volume_excess,exact_ward_excess",exact_high_deficit,1500000.0,big_winner
Synthetic,150,transfer_bottleneck,19,164943.43999999994,0.0,0.0,0.0,0.0,0.0,0.0,0.0,0.0,0.0,112500.0,180.0,155.0,38000.0,199.0,161.0,-2500.0,0.0,1.0,7200.0,44.0,36.0,10250.0,245.0,204.0,-506.56,0.0,63.32,38.0,8.0,41.0,-25.0,0.0,"exact_blocked,exact_high_deficit,exact_icu_excess,exact_overtime,exact_peak,exact_violation,exact_volume_deficit,exact_volume_excess,exact_ward_excess","exact_blocked,exact_high_deficit,exact_icu_excess,exact_overtime,exact_peak,exact_violation,exact_volume_deficit,exact_volume_excess,exact_ward_excess",exact_violation,112500.0,middle
Synthetic,150,transfer_bottleneck,23,-377536.8800000001,0.0,0.0,0.0,0.0,0.0,0.0,0.0,0.0,0.0,-445500.0,190.0,289.0,50000.0,193.0,143.0,0.0,4.0,4.0,7200.0,38.0,30.0,11250.0,243.0,198.0,-486.88,57.03,117.89,50.0,8.0,45.0,99.0,0.0,"exact_blocked,exact_high_deficit,exact_icu_excess,exact_overtime,exact_peak,exact_violation,exact_volume_deficit,exact_volume_excess,exact_ward_excess","exact_blocked,exact_high_deficit,exact_icu_excess,exact_overtime,exact_peak,exact_violation,exact_volume_deficit,exact_volume_excess,exact_ward_excess",exact_violation,-445500.0,middle
Synthetic,150,transfer_bottleneck,29,-284594.7999999998,0.0,0.0,0.0,0.0,0.0,0.0,0.0,0.0,0.0,-378000.0,289.0,373.0,67000.0,202.0,135.0,2500.0,3.0,2.0,8100.0,45.0,36.0,17000.0,262.0,194.0,-1194.8000000000002,119.01,268.36,67.0,9.0,68.0,84.0,0.0,"exact_blocked,exact_high_deficit,exact_icu_excess,exact_overtime,exact_peak,exact_violation,exact_volume_deficit,exact_volume_excess,exact_ward_excess","exact_blocked,exact_high_deficit,exact_icu_excess,exact_overtime,exact_peak,exact_violation,exact_volume_deficit,exact_volume_excess,exact_ward_excess",exact_violation,-378000.0,middle
Synthetic,150,transfer_bottleneck,31,110153.36,0.0,0.0,0.0,0.0,0.0,0.0,0.0,0.0,0.0,67500.0,196.0,181.0,28000.0,173.0,145.0,2500.0,2.0,1.0,5400.0,42.0,36.0,8750.0,235.0,200.0,-1996.64,0.0,249.58,28.0,6.0,35.0,-15.0,0.0,"exact_blocked,exact_high_deficit,exact_icu_excess,exact_overtime,exact_peak,exact_violation,exact_volume_deficit,exact_volume_excess,exact_ward_excess","exact_blocked,exact_high_deficit,exact_icu_excess,exact_overtime,exact_peak,exact_violation,exact_volume_deficit,exact_volume_excess,exact_ward_excess",exact_violation,67500.0,middle
Synthetic,150,transfer_bottleneck,37,-258855.2000000002,0.0,0.0,0.0,0.0,0.0,0.0,0.0,0.0,0.0,-346500.0,203.0,280.0,62000.0,202.0,140.0,0.0,0.0,0.0,11700.0,50.0,37.0,13750.0,251.0,196.0,194.80000000000013,407.36,383.01,62.0,13.0,55.0,77.0,0.0,"exact_blocked,exact_high_deficit,exact_icu_excess,exact_overtime,exact_peak,exact_violation,exact_volume_deficit,exact_volume_excess,exact_ward_excess","exact_blocked,exact_high_deficit,exact_icu_excess,exact_overtime,exact_peak,exact_violation,exact_volume_deficit,exact_volume_excess,exact_ward_excess",exact_violation,-346500.0,middle
Synthetic,150,transfer_bottleneck,41,22884.80000000028,0.0,1.0,1.0,0.0,0.0,0.0,0.0,0.0,0.0,-18000.0,152.0,156.0,28000.0,180.0,152.0,0.0,0.0,0.0,5400.0,37.0,31.0,7500.0,209.0,179.0,-15.200000000000273,324.83,326.73,28.0,6.0,30.0,4.0,0.0,"exact_blocked,exact_high_deficit,exact_icu_excess,exact_overtime,exact_peak,exact_violation,exact_volume_deficit,exact_volume_excess,exact_ward_excess","exact_blocked,exact_high_deficit,exact_icu_excess,exact_overtime,exact_peak,exact_violation,exact_volume_deficit,exact_volume_excess,exact_ward_excess",exact_blocked,28000.0,middle
Synthetic,150,transfer_bottleneck,43,10045772.000000002,10500000.0,13.0,6.0,0.0,0.0,0.0,0.0,0.0,0.0,-589500.0,148.0,279.0,81000.0,231.0,150.0,25000.0,11.0,1.0,15300.0,54.0,37.0,14250.0,273.0,216.0,-278.0,60.45,95.2,81.0,17.0,57.0,131.0,-7.0,"exact_blocked,exact_high_deficit,exact_icu_excess,exact_overtime,exact_peak,exact_violation,exact_volume_deficit,exact_volume_excess,exact_ward_excess","exact_blocked,exact_high_deficit,exact_icu_excess,exact_overtime,exact_peak,exact_violation,exact_volume_deficit,exact_volume_excess,exact_ward_excess",exact_high_deficit,10500000.0,big_winner
Synthetic,150,transfer_bottleneck,47,6052648.4,6000000.0,4.0,0.0,0.0,0.0,0.0,0.0,0.0,0.0,-22500.0,200.0,205.0,48000.0,205.0,157.0,2500.0,1.0,0.0,11700.0,45.0,32.0,9500.0,274.0,236.0,3448.4,466.53,35.48,48.0,13.0,38.0,5.0,-4.0,"exact_blocked,exact_high_deficit,exact_icu_excess,exact_overtime,exact_peak,exact_violation,exact_volume_deficit,exact_volume_excess,exact_ward_excess","exact_blocked,exact_high_deficit,exact_icu_excess,exact_overtime,exact_peak,exact_violation,exact_volume_deficit,exact_volume_excess,exact_ward_excess",exact_high_deficit,6000000.0,big_winner
Synthetic,150,transfer_bottleneck,7,105551.76,0.0,0.0,0.0,0.0,0.0,0.0,0.0,0.0,0.0,-9000.0,249.0,251.0,80000.0,196.0,116.0,2500.0,2.0,1.0,15300.0,44.0,27.0,17250.0,247.0,178.0,-498.24,0.0,62.28,80.0,17.0,69.0,2.0,0.0,"exact_blocked,exact_high_deficit,exact_icu_excess,exact_overtime,exact_peak,exact_violation,exact_volume_deficit,exact_volume_excess,exact_ward_excess","exact_blocked,exact_high_deficit,exact_icu_excess,exact_overtime,exact_peak,exact_violation,exact_volume_deficit,exact_volume_excess,exact_ward_excess",exact_blocked,80000.0,middle
Synthetic,50,nominal,11,1144.959999999992,0.0,0.0,0.0,0.0,0.0,0.0,0.0,0.0,0.0,4500.0,23.0,22.0,-3000.0,74.0,77.0,0.0,9.0,9.0,0.0,18.0,18.0,-750.0,108.0,111.0,394.96,49.37,0.0,-3.0,0.0,-3.0,-1.0,0.0,"exact_blocked,exact_high_deficit,exact_icu_excess,exact_overtime,exact_peak,exact_violation,exact_volume_deficit,exact_volume_excess,exact_ward_excess","exact_blocked,exact_high_deficit,exact_icu_excess,exact_overtime,exact_peak,exact_violation,exact_volume_deficit,exact_volume_excess,exact_ward_excess",exact_violation,4500.0,middle
Synthetic,50,nominal,19,4158.160000000004,0.0,0.0,0.0,0.0,0.0,0.0,0.0,0.0,0.0,0.0,27.0,27.0,2000.0,62.0,60.0,0.0,0.0,0.0,900.0,16.0,15.0,500.0,117.0,115.0,758.1599999999994,515.06,420.29,2.0,1.0,2.0,0.0,0.0,"exact_blocked,exact_high_deficit,exact_icu_excess,exact_overtime,exact_peak,exact_violation,exact_volume_deficit,exact_volume_excess,exact_ward_excess","exact_blocked,exact_high_deficit,exact_icu_excess,exact_overtime,exact_peak,exact_violation,exact_volume_deficit,exact_volume_excess,exact_ward_excess",exact_blocked,2000.0,middle
Synthetic,50,nominal,23,-2402.8800000000047,0.0,0.0,0.0,0.0,0.0,0.0,0.0,0.0,0.0,-4500.0,31.0,32.0,1000.0,82.0,81.0,0.0,0.0,0.0,0.0,18.0,18.0,250.0,118.0,117.0,847.1200000000003,603.19,497.3,1.0,0.0,1.0,1.0,0.0,"exact_blocked,exact_high_deficit,exact_icu_excess,exact_overtime,exact_peak,exact_violation,exact_volume_deficit,exact_volume_excess,exact_ward_excess","exact_blocked,exact_high_deficit,exact_icu_excess,exact_overtime,exact_peak,exact_violation,exact_volume_deficit,exact_volume_excess,exact_ward_excess",exact_violation,-4500.0,middle
Synthetic,50,nominal,29,-9773.360000000044,0.0,0.0,0.0,0.0,0.0,0.0,0.0,0.0,0.0,-9000.0,34.0,36.0,2000.0,85.0,83.0,-2500.0,3.0,4.0,900.0,18.0,17.0,1000.0,138.0,134.0,-2173.36,638.45,910.12,2.0,1.0,4.0,2.0,0.0,"exact_blocked,exact_high_deficit,exact_icu_excess,exact_overtime,exact_peak,exact_violation,exact_volume_deficit,exact_volume_excess,exact_ward_excess","exact_blocked,exact_high_deficit,exact_icu_excess,exact_overtime,exact_peak,exact_violation,exact_volume_deficit,exact_volume_excess,exact_ward_excess",exact_violation,-9000.0,middle
Synthetic,50,nominal,31,0.0,0.0,0.0,0.0,0.0,0.0,0.0,0.0,0.0,0.0,0.0,24.0,24.0,0.0,57.0,57.0,0.0,1.0,1.0,0.0,13.0,13.0,0.0,130.0,130.0,0.0,530.89,530.89,0.0,0.0,0.0,0.0,0.0,"exact_blocked,exact_high_deficit,exact_icu_excess,exact_overtime,exact_peak,exact_violation,exact_volume_deficit,exact_volume_excess,exact_ward_excess","exact_blocked,exact_high_deficit,exact_icu_excess,exact_overtime,exact_peak,exact_violation,exact_volume_deficit,exact_volume_excess,exact_ward_excess",exact_high_deficit,0.0,middle
Synthetic,50,nominal,37,-8466.640000000014,0.0,0.0,0.0,0.0,0.0,0.0,0.0,0.0,0.0,18000.0,39.0,35.0,-14000.0,73.0,87.0,0.0,0.0,0.0,-2700.0,22.0,25.0,-4250.0,120.0,137.0,-5516.64,33.9,723.48,-14.0,-3.0,-17.0,-4.0,0.0,"exact_blocked,exact_high_deficit,exact_icu_excess,exact_overtime,exact_peak,exact_violation,exact_volume_deficit,exact_volume_excess,exact_ward_excess","exact_blocked,exact_high_deficit,exact_icu_excess,exact_overtime,exact_peak,exact_violation,exact_volume_deficit,exact_volume_excess,exact_ward_excess",exact_violation,18000.0,middle
Synthetic,50,nominal,41,0.0,0.0,0.0,0.0,0.0,0.0,0.0,0.0,0.0,0.0,0.0,22.0,22.0,0.0,98.0,98.0,0.0,5.0,5.0,0.0,26.0,26.0,0.0,144.0,144.0,0.0,0.0,0.0,0.0,0.0,0.0,0.0,0.0,"exact_blocked,exact_high_deficit,exact_icu_excess,exact_overtime,exact_peak,exact_violation,exact_volume_deficit,exact_volume_excess,exact_ward_excess","exact_blocked,exact_high_deficit,exact_icu_excess,exact_overtime,exact_peak,exact_violation,exact_volume_deficit,exact_volume_excess,exact_ward_excess",exact_high_deficit,0.0,middle
Synthetic,50,nominal,43,1409.6800000000512,0.0,0.0,0.0,0.0,0.0,0.0,0.0,0.0,0.0,-9000.0,33.0,35.0,5000.0,104.0,99.0,2500.0,4.0,3.0,1800.0,22.0,20.0,250.0,119.0,118.0,859.6799999999994,911.66,804.2,5.0,2.0,1.0,2.0,0.0,"exact_blocked,exact_high_deficit,exact_icu_excess,exact_overtime,exact_peak,exact_violation,exact_volume_deficit,exact_volume_excess,exact_ward_excess","exact_blocked,exact_high_deficit,exact_icu_excess,exact_overtime,exact_peak,exact_violation,exact_volume_deficit,exact_volume_excess,exact_ward_excess",exact_violation,-9000.0,middle
Synthetic,50,nominal,47,0.0,0.0,0.0,0.0,0.0,0.0,0.0,0.0,0.0,0.0,0.0,24.0,24.0,0.0,92.0,92.0,0.0,2.0,2.0,0.0,27.0,27.0,0.0,136.0,136.0,0.0,0.0,0.0,0.0,0.0,0.0,0.0,0.0,"exact_blocked,exact_high_deficit,exact_icu_excess,exact_overtime,exact_peak,exact_violation,exact_volume_deficit,exact_volume_excess,exact_ward_excess","exact_blocked,exact_high_deficit,exact_icu_excess,exact_overtime,exact_peak,exact_violation,exact_volume_deficit,exact_volume_excess,exact_ward_excess",exact_high_deficit,0.0,middle
Synthetic,50,nominal,7,0.0,0.0,0.0,0.0,0.0,0.0,0.0,0.0,0.0,0.0,0.0,23.0,23.0,0.0,90.0,90.0,0.0,1.0,1.0,0.0,23.0,23.0,0.0,140.0,140.0,0.0,0.0,0.0,0.0,0.0,0.0,0.0,0.0,"exact_blocked,exact_high_deficit,exact_icu_excess,exact_overtime,exact_peak,exact_violation,exact_volume_deficit,exact_volume_excess,exact_ward_excess","exact_blocked,exact_high_deficit,exact_icu_excess,exact_overtime,exact_peak,exact_violation,exact_volume_deficit,exact_volume_excess,exact_ward_excess",exact_high_deficit,0.0,middle
Synthetic,50,transfer_bottleneck,11,-7000.0,0.0,0.0,0.0,0.0,0.0,0.0,0.0,0.0,0.0,-13500.0,23.0,26.0,0.0,80.0,80.0,7500.0,10.0,7.0,0.0,19.0,19.0,-1000.0,118.0,122.0,0.0,0.0,0.0,0.0,0.0,-4.0,3.0,0.0,"exact_blocked,exact_high_deficit,exact_icu_excess,exact_overtime,exact_peak,exact_violation,exact_volume_deficit,exact_volume_excess,exact_ward_excess","exact_blocked,exact_high_deficit,exact_icu_excess,exact_overtime,exact_peak,exact_violation,exact_volume_deficit,exact_volume_excess,exact_ward_excess",exact_violation,-13500.0,middle
Synthetic,50,transfer_bottleneck,19,-6905.359999999986,0.0,0.0,0.0,0.0,0.0,0.0,0.0,0.0,0.0,-4500.0,27.0,28.0,-2000.0,69.0,71.0,0.0,0.0,0.0,-900.0,16.0,17.0,500.0,128.0,126.0,-5.359999999999673,420.29,420.96,-2.0,-1.0,2.0,1.0,0.0,"exact_blocked,exact_high_deficit,exact_icu_excess,exact_overtime,exact_peak,exact_violation,exact_volume_deficit,exact_volume_excess,exact_ward_excess","exact_blocked,exact_high_deficit,exact_icu_excess,exact_overtime,exact_peak,exact_violation,exact_volume_deficit,exact_volume_excess,exact_ward_excess",exact_violation,-4500.0,middle
Synthetic,50,transfer_bottleneck,23,-11000.0,0.0,0.0,0.0,0.0,0.0,0.0,0.0,0.0,0.0,-13500.0,29.0,32.0,2000.0,98.0,96.0,0.0,0.0,0.0,0.0,19.0,19.0,500.0,136.0,134.0,0.0,647.08,647.08,2.0,0.0,2.0,3.0,0.0,"exact_blocked,exact_high_deficit,exact_icu_excess,exact_overtime,exact_peak,exact_violation,exact_volume_deficit,exact_volume_excess,exact_ward_excess","exact_blocked,exact_high_deficit,exact_icu_excess,exact_overtime,exact_peak,exact_violation,exact_volume_deficit,exact_volume_excess,exact_ward_excess",exact_violation,-13500.0,catastrophic_loser
Synthetic,50,transfer_bottleneck,29,-3181.5200000000186,0.0,0.0,0.0,0.0,0.0,0.0,0.0,0.0,0.0,9000.0,34.0,32.0,2000.0,95.0,93.0,-15000.0,6.0,12.0,900.0,21.0,20.0,1000.0,148.0,144.0,-1081.5199999999995,638.45,773.64,2.0,1.0,4.0,-2.0,0.0,"exact_blocked,exact_high_deficit,exact_icu_excess,exact_overtime,exact_peak,exact_violation,exact_volume_deficit,exact_volume_excess,exact_ward_excess","exact_blocked,exact_high_deficit,exact_icu_excess,exact_overtime,exact_peak,exact_violation,exact_volume_deficit,exact_volume_excess,exact_ward_excess",exact_ward_excess,-15000.0,middle
Synthetic,50,transfer_bottleneck,31,-16087.359999999986,0.0,0.0,0.0,0.0,0.0,0.0,0.0,0.0,0.0,-18000.0,24.0,28.0,2000.0,62.0,60.0,0.0,2.0,2.0,0.0,16.0,16.0,750.0,132.0,129.0,-837.3599999999997,399.29,503.96,2.0,0.0,3.0,4.0,0.0,"exact_blocked,exact_high_deficit,exact_icu_excess,exact_overtime,exact_peak,exact_violation,exact_volume_deficit,exact_volume_excess,exact_ward_excess","exact_blocked,exact_high_deficit,exact_icu_excess,exact_overtime,exact_peak,exact_violation,exact_volume_deficit,exact_volume_excess,exact_ward_excess",exact_violation,-18000.0,catastrophic_loser
Synthetic,50,transfer_bottleneck,37,4650.0,0.0,0.0,0.0,0.0,0.0,0.0,0.0,0.0,0.0,0.0,33.0,33.0,3000.0,92.0,89.0,0.0,1.0,1.0,900.0,20.0,19.0,750.0,145.0,142.0,0.0,924.49,924.49,3.0,1.0,3.0,0.0,0.0,"exact_blocked,exact_high_deficit,exact_icu_excess,exact_overtime,exact_peak,exact_violation,exact_volume_deficit,exact_volume_excess,exact_ward_excess","exact_blocked,exact_high_deficit,exact_icu_excess,exact_overtime,exact_peak,exact_violation,exact_volume_deficit,exact_volume_excess,exact_ward_excess",exact_blocked,3000.0,big_winner
Synthetic,50,transfer_bottleneck,41,567.1199999999953,0.0,0.0,0.0,0.0,0.0,0.0,0.0,0.0,0.0,0.0,22.0,22.0,0.0,97.0,97.0,0.0,11.0,11.0,0.0,24.0,24.0,0.0,143.0,143.0,567.1199999999999,329.32,258.43,0.0,0.0,0.0,0.0,0.0,"exact_blocked,exact_high_deficit,exact_icu_excess,exact_overtime,exact_peak,exact_violation,exact_volume_deficit,exact_volume_excess,exact_ward_excess","exact_blocked,exact_high_deficit,exact_icu_excess,exact_overtime,exact_peak,exact_violation,exact_volume_deficit,exact_volume_excess,exact_ward_excess",exact_overtime,567.1199999999999,middle
Synthetic,50,transfer_bottleneck,43,4481.039999999979,0.0,0.0,0.0,0.0,0.0,0.0,0.0,0.0,0.0,4500.0,31.0,30.0,1000.0,106.0,105.0,-2500.0,5.0,6.0,1800.0,28.0,26.0,-250.0,122.0,123.0,-68.96,0.0,8.62,1.0,2.0,-1.0,-1.0,0.0,"exact_blocked,exact_high_deficit,exact_icu_excess,exact_overtime,exact_peak,exact_violation,exact_volume_deficit,exact_volume_excess,exact_ward_excess","exact_blocked,exact_high_deficit,exact_icu_excess,exact_overtime,exact_peak,exact_violation,exact_volume_deficit,exact_volume_excess,exact_ward_excess",exact_violation,4500.0,big_winner
Synthetic,50,transfer_bottleneck,47,0.0,0.0,0.0,0.0,0.0,0.0,0.0,0.0,0.0,0.0,0.0,24.0,24.0,0.0,97.0,97.0,0.0,4.0,4.0,0.0,29.0,29.0,0.0,140.0,140.0,0.0,0.0,0.0,0.0,0.0,0.0,0.0,0.0,"exact_blocked,exact_high_deficit,exact_icu_excess,exact_overtime,exact_peak,exact_violation,exact_volume_deficit,exact_volume_excess,exact_ward_excess","exact_blocked,exact_high_deficit,exact_icu_excess,exact_overtime,exact_peak,exact_violation,exact_volume_deficit,exact_volume_excess,exact_ward_excess",exact_high_deficit,0.0,middle
Synthetic,50,transfer_bottleneck,7,0.0,0.0,0.0,0.0,0.0,0.0,0.0,0.0,0.0,0.0,0.0,23.0,23.0,0.0,99.0,99.0,0.0,2.0,2.0,0.0,24.0,24.0,0.0,153.0,153.0,0.0,0.0,0.0,0.0,0.0,0.0,0.0,0.0,"exact_blocked,exact_high_deficit,exact_icu_excess,exact_overtime,exact_peak,exact_violation,exact_volume_deficit,exact_volume_excess,exact_ward_excess","exact_blocked,exact_high_deficit,exact_icu_excess,exact_overtime,exact_peak,exact_violation,exact_volume_deficit,exact_volume_excess,exact_ward_excess",exact_high_deficit,0.0,middle
Synthetic,70,nominal,11,5224.160000000033,0.0,0.0,0.0,0.0,0.0,0.0,0.0,0.0,0.0,4500.0,32.0,31.0,0.0,113.0,113.0,0.0,2.0,2.0,0.0,22.0,22.0,0.0,146.0,146.0,724.1599999999999,1028.33,937.81,0.0,0.0,0.0,-1.0,0.0,"exact_blocked,exact_high_deficit,exact_icu_excess,exact_overtime,exact_peak,exact_violation,exact_volume_deficit,exact_volume_excess,exact_ward_excess","exact_blocked,exact_high_deficit,exact_icu_excess,exact_overtime,exact_peak,exact_violation,exact_volume_deficit,exact_volume_excess,exact_ward_excess",exact_violation,4500.0,middle
Synthetic,70,nominal,19,-17477.280000000028,0.0,0.0,0.0,0.0,0.0,0.0,0.0,0.0,0.0,-36000.0,41.0,49.0,13000.0,125.0,112.0,0.0,2.0,2.0,3600.0,30.0,26.0,2750.0,176.0,165.0,-827.2800000000001,110.7,214.11,13.0,4.0,11.0,8.0,0.0,"exact_blocked,exact_high_deficit,exact_icu_excess,exact_overtime,exact_peak,exact_violation,exact_volume_deficit,exact_volume_excess,exact_ward_excess","exact_blocked,exact_high_deficit,exact_icu_excess,exact_overtime,exact_peak,exact_violation,exact_volume_deficit,exact_volume_excess,exact_ward_excess",exact_violation,-36000.0,middle
Synthetic,70,nominal,23,-11800.0,0.0,0.0,0.0,0.0,0.0,0.0,0.0,0.0,0.0,-40500.0,63.0,72.0,22000.0,130.0,108.0,0.0,0.0,0.0,2700.0,30.0,27.0,4000.0,179.0,163.0,0.0,1325.52,1325.52,22.0,3.0,16.0,9.0,0.0,"exact_blocked,exact_high_deficit,exact_icu_excess,exact_overtime,exact_peak,exact_violation,exact_volume_deficit,exact_volume_excess,exact_ward_excess","exact_blocked,exact_high_deficit,exact_icu_excess,exact_overtime,exact_peak,exact_violation,exact_volume_deficit,exact_volume_excess,exact_ward_excess",exact_violation,-40500.0,middle
Synthetic,70,nominal,29,17258.320000000007,0.0,0.0,0.0,0.0,0.0,0.0,0.0,0.0,0.0,9000.0,60.0,58.0,7000.0,79.0,72.0,0.0,0.0,0.0,900.0,16.0,15.0,1250.0,142.0,137.0,-891.6800000000003,1015.81,1127.27,7.0,1.0,5.0,-2.0,0.0,"exact_blocked,exact_high_deficit,exact_icu_excess,exact_overtime,exact_peak,exact_violation,exact_volume_deficit,exact_volume_excess,exact_ward_excess","exact_blocked,exact_high_deficit,exact_icu_excess,exact_overtime,exact_peak,exact_violation,exact_volume_deficit,exact_volume_excess,exact_ward_excess",exact_violation,9000.0,big_winner
Synthetic,70,nominal,31,-5896.880000000005,0.0,0.0,0.0,0.0,0.0,0.0,0.0,0.0,0.0,-4500.0,31.0,32.0,0.0,63.0,63.0,0.0,0.0,0.0,0.0,16.0,16.0,250.0,124.0,123.0,-1646.88,796.64,1002.5,0.0,0.0,1.0,1.0,0.0,"exact_blocked,exact_high_deficit,exact_icu_excess,exact_overtime,exact_peak,exact_violation,exact_volume_deficit,exact_volume_excess,exact_ward_excess","exact_blocked,exact_high_deficit,exact_icu_excess,exact_overtime,exact_peak,exact_violation,exact_volume_deficit,exact_volume_excess,exact_ward_excess",exact_violation,-4500.0,middle
Synthetic,70,nominal,37,11515.919999999984,0.0,0.0,0.0,0.0,0.0,0.0,0.0,0.0,0.0,0.0,64.0,64.0,8000.0,106.0,98.0,0.0,0.0,0.0,2700.0,25.0,22.0,750.0,151.0,148.0,65.92000000000007,200.52,192.28,8.0,3.0,3.0,0.0,0.0,"exact_blocked,exact_high_deficit,exact_icu_excess,exact_overtime,exact_peak,exact_violation,exact_volume_deficit,exact_volume_excess,exact_ward_excess","exact_blocked,exact_high_deficit,exact_icu_excess,exact_overtime,exact_peak,exact_violation,exact_volume_deficit,exact_volume_excess,exact_ward_excess",exact_blocked,8000.0,middle
Synthetic,70,nominal,41,-25970.23999999999,0.0,0.0,0.0,0.0,0.0,0.0,0.0,0.0,0.0,-18000.0,43.0,47.0,1000.0,83.0,82.0,0.0,0.0,0.0,900.0,20.0,19.0,-750.0,127.0,130.0,-9120.24,5.79,1145.82,1.0,1.0,-3.0,4.0,0.0,"exact_blocked,exact_high_deficit,exact_icu_excess,exact_overtime,exact_peak,exact_violation,exact_volume_deficit,exact_volume_excess,exact_ward_excess","exact_blocked,exact_high_deficit,exact_icu_excess,exact_overtime,exact_peak,exact_violation,exact_volume_deficit,exact_volume_excess,exact_ward_excess",exact_violation,-18000.0,catastrophic_loser
Synthetic,70,nominal,43,8064.799999999988,0.0,0.0,0.0,0.0,0.0,0.0,0.0,0.0,0.0,-4500.0,43.0,44.0,9000.0,146.0,137.0,-2500.0,4.0,5.0,900.0,31.0,30.0,2750.0,168.0,157.0,2414.8,1462.07,1160.22,9.0,1.0,11.0,1.0,0.0,"exact_blocked,exact_high_deficit,exact_icu_excess,exact_overtime,exact_peak,exact_violation,exact_volume_deficit,exact_volume_excess,exact_ward_excess","exact_blocked,exact_high_deficit,exact_icu_excess,exact_overtime,exact_peak,exact_violation,exact_volume_deficit,exact_volume_excess,exact_ward_excess",exact_blocked,9000.0,middle
Synthetic,70,nominal,47,-2200.0,0.0,0.0,0.0,0.0,0.0,0.0,0.0,0.0,0.0,0.0,30.0,30.0,-8000.0,65.0,73.0,5000.0,3.0,1.0,-3600.0,13.0,17.0,250.0,137.0,136.0,4150.0,518.75,0.0,-8.0,-4.0,1.0,0.0,0.0,"exact_blocked,exact_high_deficit,exact_icu_excess,exact_overtime,exact_peak,exact_violation,exact_volume_deficit,exact_volume_excess,exact_ward_excess","exact_blocked,exact_high_deficit,exact_icu_excess,exact_overtime,exact_peak,exact_violation,exact_volume_deficit,exact_volume_excess,exact_ward_excess",exact_blocked,-8000.0,middle
Synthetic,70,nominal,7,-2999.7600000000093,0.0,0.0,0.0,0.0,0.0,0.0,0.0,0.0,0.0,-4500.0,36.0,37.0,2000.0,106.0,104.0,0.0,0.0,0.0,0.0,24.0,24.0,500.0,166.0,164.0,-999.7599999999984,1042.4,1167.37,2.0,0.0,2.0,1.0,0.0,"exact_blocked,exact_high_deficit,exact_icu_excess,exact_overtime,exact_peak,exact_violation,exact_volume_deficit,exact_volume_excess,exact_ward_excess","exact_blocked,exact_high_deficit,exact_icu_excess,exact_overtime,exact_peak,exact_violation,exact_volume_deficit,exact_volume_excess,exact_ward_excess",exact_violation,-4500.0,middle
Synthetic,70,transfer_bottleneck,11,2497.360000000044,0.0,0.0,0.0,0.0,0.0,0.0,0.0,0.0,0.0,0.0,37.0,37.0,1000.0,123.0,122.0,0.0,9.0,9.0,900.0,26.0,25.0,250.0,154.0,153.0,347.3599999999997,670.91,627.49,1.0,1.0,1.0,0.0,0.0,"exact_blocked,exact_high_deficit,exact_icu_excess,exact_overtime,exact_peak,exact_violation,exact_volume_deficit,exact_volume_excess,exact_ward_excess","exact_blocked,exact_high_deficit,exact_icu_excess,exact_overtime,exact_peak,exact_violation,exact_volume_deficit,exact_volume_excess,exact_ward_excess",exact_blocked,1000.0,middle
Synthetic,70,transfer_bottleneck,19,-12238.719999999972,0.0,0.0,0.0,0.0,0.0,0.0,0.0,0.0,0.0,-18000.0,39.0,43.0,4000.0,129.0,125.0,0.0,4.0,4.0,900.0,29.0,28.0,1000.0,181.0,177.0,-138.72,0.0,17.34,4.0,1.0,4.0,4.0,0.0,"exact_blocked,exact_high_deficit,exact_icu_excess,exact_overtime,exact_peak,exact_violation,exact_volume_deficit,exact_volume_excess,exact_ward_excess","exact_blocked,exact_high_deficit,exact_icu_excess,exact_overtime,exact_peak,exact_violation,exact_volume_deficit,exact_volume_excess,exact_ward_excess",exact_violation,-18000.0,middle
Synthetic,70,transfer_bottleneck,23,-18162.399999999965,0.0,0.0,0.0,0.0,0.0,0.0,0.0,0.0,0.0,-31500.0,63.0,70.0,8000.0,132.0,124.0,2500.0,1.0,0.0,900.0,31.0,30.0,2000.0,184.0,176.0,-62.39999999999964,1270.41,1278.21,8.0,1.0,8.0,7.0,0.0,"exact_blocked,exact_high_deficit,exact_icu_excess,exact_overtime,exact_peak,exact_violation,exact_volume_deficit,exact_volume_excess,exact_ward_excess","exact_blocked,exact_high_deficit,exact_icu_excess,exact_overtime,exact_peak,exact_violation,exact_volume_deficit,exact_volume_excess,exact_ward_excess",exact_violation,-31500.0,catastrophic_loser
Synthetic,70,transfer_bottleneck,29,29631.359999999982,0.0,0.0,0.0,0.0,0.0,0.0,0.0,0.0,0.0,4500.0,58.0,57.0,19000.0,108.0,89.0,0.0,0.0,0.0,3600.0,22.0,18.0,2500.0,168.0,158.0,31.360000000000586,1398.88,1394.96,19.0,4.0,10.0,-1.0,0.0,"exact_blocked,exact_high_deficit,exact_icu_excess,exact_overtime,exact_peak,exact_violation,exact_volume_deficit,exact_volume_excess,exact_ward_excess","exact_blocked,exact_high_deficit,exact_icu_excess,exact_overtime,exact_peak,exact_violation,exact_volume_deficit,exact_volume_excess,exact_ward_excess",exact_blocked,19000.0,big_winner
Synthetic,70,transfer_bottleneck,31,0.0,0.0,0.0,0.0,0.0,0.0,0.0,0.0,0.0,0.0,0.0,36.0,36.0,0.0,91.0,91.0,0.0,1.0,1.0,0.0,19.0,19.0,0.0,162.0,162.0,0.0,1212.81,1212.81,0.0,0.0,0.0,0.0,0.0,"exact_blocked,exact_high_deficit,exact_icu_excess,exact_overtime,exact_peak,exact_violation,exact_volume_deficit,exact_volume_excess,exact_ward_excess","exact_blocked,exact_high_deficit,exact_icu_excess,exact_overtime,exact_peak,exact_violation,exact_volume_deficit,exact_volume_excess,exact_ward_excess",exact_high_deficit,0.0,middle
Synthetic,70,transfer_bottleneck,37,2681.7600000000093,0.0,0.0,0.0,0.0,0.0,0.0,0.0,0.0,0.0,-40500.0,52.0,61.0,29000.0,134.0,105.0,0.0,1.0,1.0,5400.0,33.0,27.0,6250.0,176.0,151.0,2531.76,347.35,30.88,29.0,6.0,25.0,9.0,0.0,"exact_blocked,exact_high_deficit,exact_icu_excess,exact_overtime,exact_peak,exact_violation,exact_volume_deficit,exact_volume_excess,exact_ward_excess","exact_blocked,exact_high_deficit,exact_icu_excess,exact_overtime,exact_peak,exact_violation,exact_volume_deficit,exact_volume_excess,exact_ward_excess",exact_violation,-40500.0,middle
Synthetic,70,transfer_bottleneck,41,-10100.0,0.0,0.0,0.0,0.0,0.0,0.0,0.0,0.0,0.0,-13500.0,51.0,54.0,3000.0,107.0,104.0,0.0,0.0,0.0,900.0,26.0,25.0,-500.0,161.0,163.0,0.0,809.0,809.0,3.0,1.0,-2.0,3.0,0.0,"exact_blocked,exact_high_deficit,exact_icu_excess,exact_overtime,exact_peak,exact_violation,exact_volume_deficit,exact_volume_excess,exact_ward_excess","exact_blocked,exact_high_deficit,exact_icu_excess,exact_overtime,exact_peak,exact_violation,exact_volume_deficit,exact_volume_excess,exact_ward_excess",exact_violation,-13500.0,middle
Synthetic,70,transfer_bottleneck,43,-6868.72000000003,0.0,0.0,0.0,0.0,0.0,0.0,0.0,0.0,0.0,-9000.0,35.0,37.0,2000.0,166.0,164.0,0.0,3.0,3.0,900.0,40.0,39.0,250.0,183.0,182.0,-1018.7200000000012,898.56,1025.9,2.0,1.0,1.0,2.0,0.0,"exact_blocked,exact_high_deficit,exact_icu_excess,exact_overtime,exact_peak,exact_violation,exact_volume_deficit,exact_volume_excess,exact_ward_excess","exact_blocked,exact_high_deficit,exact_icu_excess,exact_overtime,exact_peak,exact_violation,exact_volume_deficit,exact_volume_excess,exact_ward_excess",exact_violation,-9000.0,middle
Synthetic,70,transfer_bottleneck,47,0.0,0.0,0.0,0.0,0.0,0.0,0.0,0.0,0.0,0.0,0.0,29.0,29.0,0.0,104.0,104.0,0.0,3.0,3.0,0.0,24.0,24.0,0.0,154.0,154.0,0.0,0.0,0.0,0.0,0.0,0.0,0.0,0.0,"exact_blocked,exact_high_deficit,exact_icu_excess,exact_overtime,exact_peak,exact_violation,exact_volume_deficit,exact_volume_excess,exact_ward_excess","exact_blocked,exact_high_deficit,exact_icu_excess,exact_overtime,exact_peak,exact_violation,exact_volume_deficit,exact_volume_excess,exact_ward_excess",exact_high_deficit,0.0,middle
Synthetic,70,transfer_bottleneck,7,-2100.0,0.0,0.0,0.0,0.0,0.0,0.0,0.0,0.0,0.0,-4500.0,38.0,39.0,1000.0,112.0,111.0,0.0,0.0,0.0,900.0,27.0,26.0,500.0,174.0,172.0,0.0,1178.06,1178.06,1.0,1.0,2.0,1.0,0.0,"exact_blocked,exact_high_deficit,exact_icu_excess,exact_overtime,exact_peak,exact_violation,exact_volume_deficit,exact_volume_excess,exact_ward_excess","exact_blocked,exact_high_deficit,exact_icu_excess,exact_overtime,exact_peak,exact_violation,exact_volume_deficit,exact_volume_excess,exact_ward_excess",exact_violation,-4500.0,middle
GermanOR,50,nominal,7,-37600.0,0.0,,,0.0,,,0.0,,,-85500.0,,,28000.0,,,5000.0,,,5400.0,,,9500.0,,,0.0,,,28.0,6.0,38.0,19.0,-0.0,,,exact_violation,-85500.0,middle
GermanOR,50,nominal,11,-12006.04800000001,0.0,,,0.0,,,0.0,,,-54000.0,,,23000.0,,,7500.0,,,4500.0,,,6750.0,,,243.952,,,23.0,5.0,27.0,12.0,-0.0,,,exact_violation,-54000.0,middle
GermanOR,50,nominal,19,-65091.744000000006,0.0,,,0.0,,,0.0,,,-103500.0,,,21000.0,,,5000.0,,,4500.0,,,7500.0,,,408.256,,,21.0,5.0,30.0,23.0,-0.0,,,exact_violation,-103500.0,catastrophic_loser
GermanOR,50,nominal,23,-50500.0,0.0,,,0.0,,,0.0,,,-103500.0,,,33000.0,,,5000.0,,,4500.0,,,10500.0,,,0.0,,,33.0,5.0,42.0,23.0,-0.0,,,exact_violation,-103500.0,middle
GermanOR,50,nominal,29,-34724.23200000002,0.0,,,0.0,,,0.0,,,-85500.0,,,41000.0,,,-5000.0,,,4500.0,,,10000.0,,,275.768,,,41.0,5.0,40.0,19.0,-0.0,,,exact_violation,-85500.0,middle
GermanOR,50,nominal,31,-1506.680000000022,0.0,,,0.0,,,0.0,,,0.0,,,0.0,,,0.0,,,0.0,,,0.0,,,-1506.68,,,0.0,0.0,0.0,-0.0,-0.0,,,exact_overtime,-1506.68,middle
GermanOR,50,nominal,37,-11351.383999999993,0.0,,,0.0,,,0.0,,,-22500.0,,,12000.0,,,-7500.0,,,0.0,,,5000.0,,,1648.616,,,12.0,0.0,20.0,5.0,-0.0,,,exact_violation,-22500.0,middle
GermanOR,50,nominal,41,4500.0,0.0,,,0.0,,,0.0,,,4500.0,,,0.0,,,0.0,,,0.0,,,0.0,,,0.0,,,0.0,0.0,0.0,-1.0,-0.0,,,exact_violation,4500.0,big_winner
GermanOR,50,nominal,43,-25977.831999999995,0.0,,,0.0,,,0.0,,,-67500.0,,,24000.0,,,10000.0,,,3600.0,,,5750.0,,,-1827.832,,,24.0,4.0,23.0,15.0,-0.0,,,exact_violation,-67500.0,middle
GermanOR,50,nominal,47,-65665.152,0.0,,,0.0,,,0.0,,,-85500.0,,,15000.0,,,-5000.0,,,4500.0,,,5000.0,,,334.848,,,15.0,5.0,20.0,19.0,-0.0,,,exact_violation,-85500.0,catastrophic_loser
GermanOR,50,transfer_bottleneck,7,-36595.35999999999,0.0,,,0.0,,,0.0,,,-81000.0,,,22000.0,,,10000.0,,,5400.0,,,7000.0,,,4.64,,,22.0,6.0,28.0,18.0,-0.0,,,exact_violation,-81000.0,middle
GermanOR,50,transfer_bottleneck,11,-20791.583999999973,0.0,,,0.0,,,0.0,,,-13500.0,,,9000.0,,,-20000.0,,,4500.0,,,750.0,,,-1541.584,,,9.0,5.0,3.0,3.0,-0.0,,,exact_ward_excess,-20000.0,middle
GermanOR,50,transfer_bottleneck,19,-57600.0,0.0,,,0.0,,,0.0,,,-85500.0,,,18000.0,,,-2500.0,,,5400.0,,,7000.0,,,0.0,,,18.0,6.0,28.0,19.0,-0.0,,,exact_violation,-85500.0,middle
GermanOR,50,transfer_bottleneck,23,-38169.18400000001,0.0,,,0.0,,,0.0,,,-90000.0,,,34000.0,,,5000.0,,,7200.0,,,7250.0,,,-1619.184,,,34.0,8.0,29.0,20.0,-0.0,,,exact_violation,-90000.0,middle
GermanOR,50,transfer_bottleneck,29,-37464.47200000001,0.0,,,0.0,,,0.0,,,-54000.0,,,1000.0,,,15000.0,,,-2700.0,,,1500.0,,,1735.528,,,1.0,-3.0,6.0,12.0,-0.0,,,exact_violation,-54000.0,middle
GermanOR,50,transfer_bottleneck,31,-17936.896000000008,0.0,,,0.0,,,0.0,,,-27000.0,,,8000.0,,,0.0,,,4500.0,,,-1750.0,,,-1686.896,,,8.0,5.0,-7.0,6.0,-0.0,,,exact_violation,-27000.0,middle
GermanOR,50,transfer_bottleneck,37,-13312.199999999952,0.0,,,0.0,,,0.0,,,-72000.0,,,39000.0,,,0.0,,,10800.0,,,9750.0,,,-862.1999999999999,,,39.0,12.0,39.0,16.0,-0.0,,,exact_violation,-72000.0,middle
GermanOR,50,transfer_bottleneck,41,0.0,0.0,,,0.0,,,0.0,,,0.0,,,0.0,,,0.0,,,0.0,,,0.0,,,0.0,,,0.0,0.0,0.0,-0.0,-0.0,,,exact_high_deficit,0.0,middle
GermanOR,50,transfer_bottleneck,43,-28567.73599999997,0.0,,,0.0,,,0.0,,,-67500.0,,,24000.0,,,2500.0,,,4500.0,,,7000.0,,,932.264,,,24.0,5.0,28.0,15.0,-0.0,,,exact_violation,-67500.0,middle
GermanOR,50,transfer_bottleneck,47,-35424.38400000002,0.0,,,0.0,,,0.0,,,-72000.0,,,20000.0,,,5000.0,,,8100.0,,,4000.0,,,-524.384,,,20.0,9.0,16.0,16.0,-0.0,,,exact_violation,-72000.0,middle
GermanOR,70,nominal,7,-7350.0,0.0,,,0.0,,,0.0,,,0.0,,,-3000.0,,,-5000.0,,,900.0,,,-250.0,,,0.0,,,-3.0,1.0,-1.0,-0.0,-0.0,,,exact_ward_excess,-5000.0,middle
GermanOR,70,nominal,11,9961.983999999997,0.0,,,0.0,,,0.0,,,-27000.0,,,24000.0,,,0.0,,,8100.0,,,4750.0,,,111.98399999999992,,,24.0,9.0,19.0,6.0,-0.0,,,exact_violation,-27000.0,big_winner
GermanOR,70,nominal,19,0.0,0.0,,,0.0,,,0.0,,,0.0,,,0.0,,,0.0,,,0.0,,,0.0,,,0.0,,,0.0,0.0,0.0,-0.0,-0.0,,,exact_high_deficit,0.0,middle
GermanOR,70,nominal,23,5756.744000000006,0.0,,,0.0,,,0.0,,,-4500.0,,,6000.0,,,2500.0,,,900.0,,,500.0,,,356.7440000000006,,,6.0,1.0,2.0,1.0,-0.0,,,exact_blocked,6000.0,middle
GermanOR,70,nominal,29,-12900.0,0.0,,,0.0,,,0.0,,,-9000.0,,,-3000.0,,,0.0,,,-900.0,,,0.0,,,0.0,,,-3.0,-1.0,0.0,2.0,-0.0,,,exact_violation,-9000.0,middle
GermanOR,70,nominal,31,900.0,0.0,,,0.0,,,0.0,,,0.0,,,0.0,,,0.0,,,900.0,,,0.0,,,0.0,,,0.0,1.0,0.0,-0.0,-0.0,,,exact_peak,900.0,middle
GermanOR,70,nominal,37,-4500.0,0.0,,,0.0,,,0.0,,,-4500.0,,,0.0,,,0.0,,,0.0,,,0.0,,,0.0,,,0.0,0.0,0.0,1.0,-0.0,,,exact_violation,-4500.0,middle
GermanOR,70,nominal,41,0.0,0.0,,,0.0,,,0.0,,,0.0,,,0.0,,,0.0,,,0.0,,,0.0,,,0.0,,,0.0,0.0,0.0,-0.0,-0.0,,,exact_high_deficit,0.0,middle
GermanOR,70,nominal,43,-17750.0,0.0,,,0.0,,,0.0,,,-18000.0,,,0.0,,,0.0,,,0.0,,,250.0,,,0.0,,,0.0,0.0,1.0,4.0,-0.0,,,exact_violation,-18000.0,middle
GermanOR,70,nominal,47,-17340.112000000023,0.0,,,0.0,,,0.0,,,-27000.0,,,10000.0,,,-2500.0,,,-5400.0,,,3250.0,,,4309.888,,,10.0,-6.0,13.0,6.0,-0.0,,,exact_violation,-27000.0,middle
GermanOR,70,transfer_bottleneck,7,-4250.0,0.0,,,0.0,,,0.0,,,4500.0,,,-6000.0,,,-2500.0,,,0.0,,,-250.0,,,0.0,,,-6.0,0.0,-1.0,-1.0,-0.0,,,exact_blocked,-6000.0,middle
GermanOR,70,transfer_bottleneck,11,7500.0,0.0,,,0.0,,,0.0,,,0.0,,,0.0,,,7500.0,,,0.0,,,0.0,,,0.0,,,0.0,0.0,0.0,-0.0,-0.0,,,exact_ward_excess,7500.0,big_winner
GermanOR,70,transfer_bottleneck,19,-9100.0,0.0,,,0.0,,,0.0,,,0.0,,,0.0,,,-10000.0,,,900.0,,,0.0,,,0.0,,,0.0,1.0,0.0,-0.0,-0.0,,,exact_ward_excess,-10000.0,middle
GermanOR,70,transfer_bottleneck,23,-15442.23999999999,0.0,,,0.0,,,0.0,,,-81000.0,,,45000.0,,,5000.0,,,9000.0,,,8750.0,,,-2192.24,,,45.0,10.0,35.0,18.0,-0.0,,,exact_violation,-81000.0,middle
GermanOR,70,transfer_bottleneck,29,10900.0,0.0,,,0.0,,,0.0,,,0.0,,,0.0,,,10000.0,,,900.0,,,0.0,,,0.0,,,0.0,1.0,0.0,-0.0,-0.0,,,exact_ward_excess,10000.0,big_winner
GermanOR,70,transfer_bottleneck,31,-12456.61599999998,0.0,,,0.0,,,0.0,,,-22500.0,,,-3000.0,,,5000.0,,,-1800.0,,,4250.0,,,5593.384,,,-3.0,-2.0,17.0,5.0,-0.0,,,exact_violation,-22500.0,middle
GermanOR,70,transfer_bottleneck,37,6800.0,0.0,,,0.0,,,0.0,,,0.0,,,0.0,,,5000.0,,,1800.0,,,0.0,,,0.0,,,0.0,2.0,0.0,-0.0,-0.0,,,exact_ward_excess,5000.0,middle
GermanOR,70,transfer_bottleneck,41,-8100.0,0.0,,,0.0,,,0.0,,,-9000.0,,,0.0,,,0.0,,,900.0,,,0.0,,,0.0,,,0.0,1.0,0.0,2.0,-0.0,,,exact_violation,-9000.0,middle
GermanOR,70,transfer_bottleneck,43,0.0,0.0,,,0.0,,,0.0,,,0.0,,,0.0,,,0.0,,,0.0,,,0.0,,,0.0,,,0.0,0.0,0.0,-0.0,-0.0,,,exact_high_deficit,0.0,middle
GermanOR,70,transfer_bottleneck,47,8236.687999999966,0.0,,,0.0,,,0.0,,,4500.0,,,-4000.0,,,7500.0,,,900.0,,,0.0,,,-663.3119999999999,,,-4.0,1.0,0.0,-1.0,-0.0,,,exact_ward_excess,7500.0,big_winner
GermanOR,100,nominal,7,24800.0,0.0,,,0.0,,,0.0,,,27000.0,,,-2000.0,,,-7500.0,,,6300.0,,,1000.0,,,0.0,,,-2.0,7.0,4.0,-6.0,-0.0,,,exact_violation,27000.0,middle
GermanOR,100,nominal,11,17400.0,0.0,,,0.0,,,0.0,,,0.0,,,4000.0,,,12500.0,,,900.0,,,0.0,,,0.0,,,4.0,1.0,0.0,-0.0,-0.0,,,exact_ward_excess,12500.0,middle
GermanOR,100,nominal,19,-178289.23199999996,0.0,,,-200000.0,,,0.0,,,40500.0,,,-10000.0,,,0.0,,,900.0,,,-2500.0,,,-7189.232,,,-10.0,1.0,-10.0,-9.0,-0.0,,,exact_volume_deficit,-200000.0,catastrophic_loser
GermanOR,100,nominal,23,104202.544,0.0,,,0.0,,,0.0,,,85500.0,,,10000.0,,,-2500.0,,,7200.0,,,1250.0,,,2752.544,,,10.0,8.0,5.0,-19.0,-0.0,,,exact_violation,85500.0,big_winner
GermanOR,100,nominal,29,-188260.248,0.0,,,-200000.0,,,0.0,,,4500.0,,,13000.0,,,-7500.0,,,8100.0,,,750.0,,,-7110.248,,,13.0,9.0,3.0,-1.0,-0.0,,,exact_volume_deficit,-200000.0,catastrophic_loser
GermanOR,100,nominal,31,2500.0,0.0,,,0.0,,,0.0,,,0.0,,,2000.0,,,0.0,,,0.0,,,500.0,,,0.0,,,2.0,0.0,2.0,-0.0,-0.0,,,exact_blocked,2000.0,middle
GermanOR,100,nominal,37,-176250.00000000006,0.0,,,-200000.0,,,0.0,,,22500.0,,,0.0,,,0.0,,,0.0,,,1250.0,,,0.0,,,0.0,0.0,5.0,-5.0,-0.0,,,exact_volume_deficit,-200000.0,catastrophic_loser
GermanOR,100,nominal,41,5000.0,0.0,,,0.0,,,0.0,,,0.0,,,0.0,,,5000.0,,,0.0,,,0.0,,,0.0,,,0.0,0.0,0.0,-0.0,-0.0,,,exact_ward_excess,5000.0,middle
GermanOR,100,nominal,43,11150.0,0.0,,,0.0,,,0.0,,,-13500.0,,,13000.0,,,7500.0,,,900.0,,,3250.0,,,0.0,,,13.0,1.0,13.0,3.0,-0.0,,,exact_violation,-13500.0,middle
GermanOR,100,nominal,47,-11150.0,0.0,,,0.0,,,0.0,,,-4500.0,,,-6000.0,,,0.0,,,-900.0,,,250.0,,,0.0,,,-6.0,-1.0,1.0,1.0,-0.0,,,exact_blocked,-6000.0,middle
GermanOR,100,transfer_bottleneck,7,15800.0,0.0,,,0.0,,,0.0,,,18000.0,,,-6000.0,,,-2500.0,,,6300.0,,,0.0,,,0.0,,,-6.0,7.0,0.0,-4.0,-0.0,,,exact_violation,18000.0,middle
GermanOR,100,transfer_bottleneck,11,-750.0,0.0,,,0.0,,,0.0,,,4500.0,,,-5000.0,,,0.0,,,0.0,,,-250.0,,,0.0,,,-5.0,0.0,-1.0,-1.0,-0.0,,,exact_blocked,-5000.0,middle
GermanOR,100,transfer_bottleneck,19,31050.0,0.0,,,0.0,,,0.0,,,27000.0,,,2000.0,,,0.0,,,1800.0,,,250.0,,,0.0,,,2.0,2.0,1.0,-6.0,-0.0,,,exact_violation,27000.0,big_winner
GermanOR,100,transfer_bottleneck,23,1800.0,0.0,,,0.0,,,0.0,,,0.0,,,0.0,,,0.0,,,1800.0,,,0.0,,,0.0,,,0.0,2.0,0.0,-0.0,-0.0,,,exact_peak,1800.0,middle
GermanOR,100,transfer_bottleneck,29,-100650.0,0.0,,,0.0,,,0.0,,,-148500.0,,,25000.0,,,17500.0,,,3600.0,,,1750.0,,,0.0,,,25.0,4.0,7.0,33.0,-0.0,,,exact_violation,-148500.0,middle
GermanOR,100,transfer_bottleneck,31,0.0,0.0,,,0.0,,,0.0,,,0.0,,,0.0,,,0.0,,,0.0,,,0.0,,,0.0,,,0.0,0.0,0.0,-0.0,-0.0,,,exact_high_deficit,0.0,middle
GermanOR,100,transfer_bottleneck,37,-185250.0000000001,0.0,,,-200000.0,,,0.0,,,13500.0,,,0.0,,,0.0,,,0.0,,,1250.0,,,0.0,,,0.0,0.0,5.0,-3.0,-0.0,,,exact_volume_deficit,-200000.0,catastrophic_loser
GermanOR,100,transfer_bottleneck,41,900.0,0.0,,,0.0,,,0.0,,,0.0,,,0.0,,,0.0,,,900.0,,,0.0,,,0.0,,,0.0,1.0,0.0,-0.0,-0.0,,,exact_peak,900.0,middle
GermanOR,100,transfer_bottleneck,43,0.0,0.0,,,0.0,,,0.0,,,0.0,,,0.0,,,0.0,,,0.0,,,0.0,,,0.0,,,0.0,0.0,0.0,-0.0,-0.0,,,exact_high_deficit,0.0,middle
GermanOR,100,transfer_bottleneck,47,-3900.0,0.0,,,0.0,,,0.0,,,0.0,,,-3000.0,,,0.0,,,-900.0,,,0.0,,,0.0,,,-3.0,-1.0,0.0,-0.0,-0.0,,,exact_blocked,-3000.0,middle
GermanOR,150,nominal,7,153070.25600000005,0.0,,,0.0,,,0.0,,,130500.0,,,10000.0,,,0.0,,,7200.0,,,2000.0,,,3370.256,,,10.0,8.0,8.0,-29.0,-0.0,,,exact_violation,130500.0,middle
GermanOR,150,nominal,11,28050.0,0.0,,,0.0,,,0.0,,,27000.0,,,5000.0,,,-7500.0,,,1800.0,,,1750.0,,,0.0,,,5.0,2.0,7.0,-6.0,-0.0,,,exact_violation,27000.0,middle
GermanOR,150,nominal,19,155000.0,0.0,,,0.0,,,0.0,,,135000.0,,,10000.0,,,2500.0,,,4500.0,,,3000.0,,,0.0,,,10.0,5.0,12.0,-30.0,-0.0,,,exact_violation,135000.0,middle
GermanOR,150,nominal,23,170450.0,0.0,,,0.0,,,0.0,,,157500.0,,,0.0,,,2500.0,,,7200.0,,,3250.0,,,0.0,,,0.0,8.0,13.0,-35.0,-0.0,,,exact_violation,157500.0,middle
GermanOR,150,nominal,29,98863.34400000004,0.0,,,0.0,,,0.0,,,103500.0,,,-8000.0,,,-15000.0,,,11700.0,,,2500.0,,,4163.344,,,-8.0,13.0,10.0,-23.0,-0.0,,,exact_violation,103500.0,middle
GermanOR,150,nominal,31,110726.576,0.0,,,0.0,,,0.0,,,85500.0,,,14000.0,,,-5000.0,,,7200.0,,,5750.0,,,3276.576,,,14.0,8.0,23.0,-19.0,-0.0,,,exact_violation,85500.0,middle
GermanOR,150,nominal,37,145490.984,0.0,,,0.0,,,0.0,,,144000.0,,,3000.0,,,-10000.0,,,4500.0,,,4250.0,,,-259.0160000000001,,,3.0,5.0,17.0,-32.0,-0.0,,,exact_violation,144000.0,middle
GermanOR,150,nominal,41,115878.76,0.0,,,0.0,,,0.0,,,94500.0,,,11000.0,,,-5000.0,,,7200.0,,,4250.0,,,3928.76,,,11.0,8.0,17.0,-21.0,-0.0,,,exact_violation,94500.0,middle
GermanOR,150,nominal,43,194906.84,0.0,,,0.0,,,0.0,,,171000.0,,,25000.0,,,-25000.0,,,8100.0,,,11750.0,,,4056.84,,,25.0,9.0,47.0,-38.0,-0.0,,,exact_violation,171000.0,middle
GermanOR,150,nominal,47,101022.82400000002,0.0,,,0.0,,,0.0,,,85500.0,,,3000.0,,,-2500.0,,,10800.0,,,1000.0,,,3222.824,,,3.0,12.0,4.0,-19.0,-0.0,,,exact_violation,85500.0,middle
GermanOR,150,transfer_bottleneck,7,186762.31200000003,0.0,,,0.0,,,0.0,,,148500.0,,,12000.0,,,5000.0,,,12600.0,,,4000.0,,,4662.312,,,12.0,14.0,16.0,-33.0,-0.0,,,exact_violation,148500.0,middle
GermanOR,150,transfer_bottleneck,11,23650.0,0.0,,,0.0,,,0.0,,,22500.0,,,0.0,,,0.0,,,900.0,,,250.0,,,0.0,,,0.0,1.0,1.0,-5.0,-0.0,,,exact_violation,22500.0,middle
GermanOR,150,transfer_bottleneck,19,234649.37600000005,0.0,,,0.0,,,0.0,,,166500.0,,,50000.0,,,-5000.0,,,8100.0,,,10500.0,,,4549.376,,,50.0,9.0,42.0,-37.0,-0.0,,,exact_violation,166500.0,big_winner
GermanOR,150,transfer_bottleneck,23,168755.68000000005,0.0,,,0.0,,,0.0,,,130500.0,,,23000.0,,,0.0,,,900.0,,,9500.0,,,4855.68,,,23.0,1.0,38.0,-29.0,-0.0,,,exact_violation,130500.0,middle
GermanOR,150,transfer_bottleneck,29,207879.096,0.0,,,0.0,,,0.0,,,162000.0,,,28000.0,,,-10000.0,,,11700.0,,,12500.0,,,3679.096,,,28.0,13.0,50.0,-36.0,-0.0,,,exact_violation,162000.0,big_winner
GermanOR,150,transfer_bottleneck,31,120213.14399999996,0.0,,,0.0,,,0.0,,,85500.0,,,13000.0,,,5000.0,,,7200.0,,,6750.0,,,2763.144,,,13.0,8.0,27.0,-19.0,-0.0,,,exact_violation,85500.0,middle
GermanOR,150,transfer_bottleneck,37,180202.664,0.0,,,0.0,,,0.0,,,184500.0,,,-2000.0,,,-10000.0,,,4500.0,,,3750.0,,,-547.3359999999998,,,-2.0,5.0,15.0,-41.0,-0.0,,,exact_violation,184500.0,middle
GermanOR,150,transfer_bottleneck,41,107477.00800000005,0.0,,,0.0,,,0.0,,,103500.0,,,-4000.0,,,0.0,,,4500.0,,,-1000.0,,,4477.008,,,-4.0,5.0,-4.0,-23.0,-0.0,,,exact_violation,103500.0,middle
GermanOR,150,transfer_bottleneck,43,152550.0,0.0,,,0.0,,,0.0,,,139500.0,,,-4000.0,,,7500.0,,,1800.0,,,7750.0,,,0.0,,,-4.0,2.0,31.0,-31.0,-0.0,,,exact_violation,139500.0,middle
GermanOR,150,transfer_bottleneck,47,53150.0,0.0,,,0.0,,,0.0,,,31500.0,,,-2000.0,,,17500.0,,,5400.0,,,750.0,,,0.0,,,-2.0,6.0,3.0,-7.0,-0.0,,,exact_violation,31500.0,middle
Mannino,50,nominal,7,-60350.0,0.0,,,0.0,,,0.0,,,-90000.0,,,19000.0,,,-2500.0,,,5400.0,,,7750.0,,,0.0,,,19.0,6.0,31.0,20.0,-0.0,,,exact_violation,-90000.0,catastrophic_loser
Mannino,50,nominal,11,0.0,0.0,,,0.0,,,0.0,,,0.0,,,0.0,,,0.0,,,0.0,,,0.0,,,0.0,,,0.0,0.0,0.0,-0.0,-0.0,,,exact_high_deficit,0.0,middle
Mannino,50,nominal,19,-59100.0,0.0,,,0.0,,,0.0,,,-85500.0,,,31000.0,,,-17500.0,,,900.0,,,12000.0,,,0.0,,,31.0,1.0,48.0,19.0,-0.0,,,exact_violation,-85500.0,middle
Mannino,50,nominal,23,-58976.0,0.0,,,0.0,,,0.0,,,-108000.0,,,35000.0,,,0.0,,,4500.0,,,9500.0,,,24.0,,,35.0,5.0,38.0,24.0,-0.0,,,exact_violation,-108000.0,middle
Mannino,50,nominal,29,-62500.0,0.0,,,0.0,,,0.0,,,-85500.0,,,19000.0,,,-2500.0,,,0.0,,,6500.0,,,0.0,,,19.0,0.0,26.0,19.0,-0.0,,,exact_violation,-85500.0,catastrophic_loser
Mannino,50,nominal,31,-32275.60000000001,0.0,,,0.0,,,0.0,,,-40500.0,,,4000.0,,,0.0,,,-1800.0,,,5500.0,,,524.4,,,4.0,-2.0,22.0,9.0,-0.0,,,exact_violation,-40500.0,middle
Mannino,50,nominal,37,-33505.76000000001,0.0,,,0.0,,,0.0,,,-85500.0,,,45000.0,,,-15000.0,,,9000.0,,,12750.0,,,244.24,,,45.0,10.0,51.0,19.0,-0.0,,,exact_violation,-85500.0,middle
Mannino,50,nominal,41,-29800.0,0.0,,,0.0,,,0.0,,,-67500.0,,,26000.0,,,-2500.0,,,7200.0,,,7000.0,,,0.0,,,26.0,8.0,28.0,15.0,-0.0,,,exact_violation,-67500.0,middle
Mannino,50,nominal,43,-49600.0,0.0,,,0.0,,,0.0,,,-72000.0,,,23000.0,,,-7500.0,,,900.0,,,6000.0,,,0.0,,,23.0,1.0,24.0,16.0,-0.0,,,exact_violation,-72000.0,middle
Mannino,50,nominal,47,-31800.0,0.0,,,0.0,,,0.0,,,-81000.0,,,34000.0,,,-2500.0,,,7200.0,,,10500.0,,,0.0,,,34.0,8.0,42.0,18.0,-0.0,,,exact_violation,-81000.0,middle
Mannino,50,transfer_bottleneck,7,-49450.0,0.0,,,0.0,,,0.0,,,-63000.0,,,7000.0,,,2500.0,,,-2700.0,,,6750.0,,,0.0,,,7.0,-3.0,27.0,14.0,-0.0,,,exact_violation,-63000.0,middle
Mannino,50,transfer_bottleneck,11,-48188.40000000002,0.0,,,0.0,,,0.0,,,-76500.0,,,7000.0,,,20000.0,,,-2700.0,,,4000.0,,,11.6,,,7.0,-3.0,16.0,17.0,-0.0,,,exact_violation,-76500.0,middle
Mannino,50,transfer_bottleneck,19,-34550.0,0.0,,,0.0,,,0.0,,,-94500.0,,,44000.0,,,-5000.0,,,7200.0,,,13750.0,,,0.0,,,44.0,8.0,55.0,21.0,-0.0,,,exact_violation,-94500.0,middle
Mannino,50,transfer_bottleneck,23,-52622.56,0.0,,,0.0,,,0.0,,,-76500.0,,,16000.0,,,2500.0,,,-1800.0,,,5500.0,,,1677.44,,,16.0,-2.0,22.0,17.0,-0.0,,,exact_violation,-76500.0,middle
Mannino,50,transfer_bottleneck,29,0.0,0.0,,,0.0,,,0.0,,,0.0,,,0.0,,,0.0,,,0.0,,,0.0,,,0.0,,,0.0,0.0,0.0,-0.0,-0.0,,,exact_high_deficit,0.0,middle
Mannino,50,transfer_bottleneck,31,-39012.640000000014,0.0,,,0.0,,,0.0,,,-49500.0,,,6000.0,,,0.0,,,-1800.0,,,5750.0,,,537.36,,,6.0,-2.0,23.0,11.0,-0.0,,,exact_violation,-49500.0,middle
Mannino,50,transfer_bottleneck,37,-27331.599999999977,0.0,,,0.0,,,0.0,,,-58500.0,,,20000.0,,,5000.0,,,-900.0,,,6250.0,,,818.4,,,20.0,-1.0,25.0,13.0,-0.0,,,exact_violation,-58500.0,middle
Mannino,50,transfer_bottleneck,41,-27350.0,0.0,,,0.0,,,0.0,,,-72000.0,,,29000.0,,,2500.0,,,5400.0,,,7750.0,,,0.0,,,29.0,6.0,31.0,16.0,-0.0,,,exact_violation,-72000.0,middle
Mannino,50,transfer_bottleneck,43,-49400.0,0.0,,,0.0,,,0.0,,,-90000.0,,,19000.0,,,12500.0,,,3600.0,,,5500.0,,,0.0,,,19.0,4.0,22.0,20.0,-0.0,,,exact_violation,-90000.0,middle
Mannino,50,transfer_bottleneck,47,-14350.0,0.0,,,0.0,,,0.0,,,-63000.0,,,26000.0,,,7500.0,,,5400.0,,,9750.0,,,0.0,,,26.0,6.0,39.0,14.0,-0.0,,,exact_violation,-63000.0,middle
Mannino,70,nominal,7,-4500.0,0.0,,,0.0,,,0.0,,,-4500.0,,,0.0,,,0.0,,,0.0,,,0.0,,,0.0,,,0.0,0.0,0.0,1.0,-0.0,,,exact_violation,-4500.0,middle
Mannino,70,nominal,11,-17500.0,0.0,,,0.0,,,0.0,,,-18000.0,,,0.0,,,0.0,,,0.0,,,500.0,,,0.0,,,0.0,0.0,2.0,4.0,-0.0,,,exact_violation,-18000.0,middle
Mannino,70,nominal,19,-18463.52000000002,0.0,,,0.0,,,0.0,,,-36000.0,,,18000.0,,,-5000.0,,,-1800.0,,,4750.0,,,1586.48,,,18.0,-2.0,19.0,8.0,-0.0,,,exact_violation,-36000.0,middle
Mannino,70,nominal,23,-52487.919999999984,0.0,,,0.0,,,0.0,,,-67500.0,,,15000.0,,,-5000.0,,,-2700.0,,,5750.0,,,1962.08,,,15.0,-3.0,23.0,15.0,-0.0,,,exact_violation,-67500.0,catastrophic_loser
Mannino,70,nominal,29,-7861.440000000002,0.0,,,0.0,,,0.0,,,-63000.0,,,27000.0,,,7500.0,,,9900.0,,,7750.0,,,2988.56,,,27.0,11.0,31.0,14.0,-0.0,,,exact_violation,-63000.0,middle
Mannino,70,nominal,31,-11750.0,0.0,,,0.0,,,0.0,,,-13500.0,,,5000.0,,,-5000.0,,,0.0,,,1750.0,,,0.0,,,5.0,0.0,7.0,3.0,-0.0,,,exact_violation,-13500.0,middle
Mannino,70,nominal,37,-46501.44,0.0,,,0.0,,,0.0,,,-94500.0,,,35000.0,,,0.0,,,1800.0,,,9500.0,,,1698.56,,,35.0,2.0,38.0,21.0,-0.0,,,exact_violation,-94500.0,catastrophic_loser
Mannino,70,nominal,41,0.0,0.0,,,0.0,,,0.0,,,0.0,,,0.0,,,0.0,,,0.0,,,0.0,,,0.0,,,0.0,0.0,0.0,-0.0,-0.0,,,exact_high_deficit,0.0,middle
Mannino,70,nominal,43,-27455.280000000028,0.0,,,0.0,,,0.0,,,-72000.0,,,23000.0,,,17500.0,,,-3600.0,,,6250.0,,,1394.72,,,23.0,-4.0,25.0,16.0,-0.0,,,exact_violation,-72000.0,middle
Mannino,70,nominal,47,-2400.0,0.0,,,0.0,,,0.0,,,0.0,,,-2000.0,,,0.0,,,-900.0,,,500.0,,,0.0,,,-2.0,-1.0,2.0,-0.0,-0.0,,,exact_blocked,-2000.0,middle
Mannino,70,transfer_bottleneck,7,-4250.0,0.0,,,0.0,,,0.0,,,-4500.0,,,0.0,,,0.0,,,0.0,,,250.0,,,0.0,,,0.0,0.0,1.0,1.0,-0.0,,,exact_violation,-4500.0,middle
Mannino,70,transfer_bottleneck,11,-6750.0,0.0,,,0.0,,,0.0,,,-4500.0,,,-3000.0,,,0.0,,,0.0,,,750.0,,,0.0,,,-3.0,0.0,3.0,1.0,-0.0,,,exact_violation,-4500.0,middle
Mannino,70,transfer_bottleneck,19,-30368.400000000023,0.0,,,0.0,,,0.0,,,-54000.0,,,16000.0,,,0.0,,,-1800.0,,,7500.0,,,1931.6,,,16.0,-2.0,30.0,12.0,-0.0,,,exact_violation,-54000.0,middle
Mannino,70,transfer_bottleneck,23,900.0,0.0,,,0.0,,,0.0,,,0.0,,,0.0,,,0.0,,,900.0,,,0.0,,,0.0,,,0.0,1.0,0.0,-0.0,-0.0,,,exact_peak,900.0,middle
Mannino,70,transfer_bottleneck,29,-32474.56,0.0,,,0.0,,,0.0,,,-54000.0,,,12000.0,,,7500.0,,,-6300.0,,,4000.0,,,4325.44,,,12.0,-7.0,16.0,12.0,-0.0,,,exact_violation,-54000.0,catastrophic_loser
Mannino,70,transfer_bottleneck,31,-26316.15999999997,0.0,,,0.0,,,0.0,,,-36000.0,,,6000.0,,,0.0,,,-3600.0,,,6250.0,,,1033.84,,,6.0,-4.0,25.0,8.0,-0.0,,,exact_violation,-36000.0,middle
Mannino,70,transfer_bottleneck,37,-31302.400000000023,0.0,,,0.0,,,0.0,,,-67500.0,,,28000.0,,,2500.0,,,-4500.0,,,7250.0,,,2947.6,,,28.0,-5.0,29.0,15.0,-0.0,,,exact_violation,-67500.0,middle
Mannino,70,transfer_bottleneck,41,-16941.440000000002,0.0,,,0.0,,,0.0,,,-40500.0,,,16000.0,,,2500.0,,,-3600.0,,,7000.0,,,1658.56,,,16.0,-4.0,28.0,9.0,-0.0,,,exact_violation,-40500.0,middle
Mannino,70,transfer_bottleneck,43,-42667.76000000001,0.0,,,0.0,,,0.0,,,-76500.0,,,11000.0,,,22500.0,,,-4500.0,,,3750.0,,,1082.24,,,11.0,-5.0,15.0,17.0,-0.0,,,exact_violation,-76500.0,catastrophic_loser
Mannino,70,transfer_bottleneck,47,-9000.0,0.0,,,0.0,,,0.0,,,-9000.0,,,0.0,,,0.0,,,0.0,,,0.0,,,0.0,,,0.0,0.0,0.0,2.0,-0.0,,,exact_violation,-9000.0,middle
Mannino,100,nominal,7,-2645.0400000000373,0.0,,,0.0,,,0.0,,,-9000.0,,,2000.0,,,7500.0,,,4500.0,,,-1250.0,,,-6395.04,,,2.0,5.0,-5.0,2.0,-0.0,,,exact_violation,-9000.0,middle
Mannino,100,nominal,11,17100.0,0.0,,,0.0,,,0.0,,,9000.0,,,1000.0,,,7500.0,,,-900.0,,,500.0,,,0.0,,,1.0,-1.0,2.0,-2.0,-0.0,,,exact_violation,9000.0,middle
Mannino,100,nominal,19,-4750.0,0.0,,,0.0,,,0.0,,,0.0,,,-2000.0,,,-2500.0,,,0.0,,,-250.0,,,0.0,,,-2.0,0.0,-1.0,-0.0,-0.0,,,exact_ward_excess,-2500.0,middle
Mannino,100,nominal,23,-750.0,0.0,,,0.0,,,0.0,,,-4500.0,,,3000.0,,,0.0,,,0.0,,,750.0,,,0.0,,,3.0,0.0,3.0,1.0,-0.0,,,exact_violation,-4500.0,middle
Mannino,100,nominal,29,900.0,0.0,,,0.0,,,0.0,,,0.0,,,0.0,,,0.0,,,900.0,,,0.0,,,0.0,,,0.0,1.0,0.0,-0.0,-0.0,,,exact_peak,900.0,middle
Mannino,100,nominal,31,-3900.0,0.0,,,0.0,,,0.0,,,0.0,,,-3000.0,,,0.0,,,-900.0,,,0.0,,,0.0,,,-3.0,-1.0,0.0,-0.0,-0.0,,,exact_blocked,-3000.0,middle
Mannino,100,nominal,37,900.0,0.0,,,0.0,,,0.0,,,0.0,,,0.0,,,0.0,,,900.0,,,0.0,,,0.0,,,0.0,1.0,0.0,-0.0,-0.0,,,exact_peak,900.0,middle
Mannino,100,nominal,41,-55600.0,0.0,,,0.0,,,0.0,,,-76500.0,,,15000.0,,,2500.0,,,900.0,,,2500.0,,,0.0,,,15.0,1.0,10.0,17.0,-0.0,,,exact_violation,-76500.0,middle
Mannino,100,nominal,43,-13350.0,0.0,,,0.0,,,0.0,,,-4500.0,,,-2000.0,,,-7500.0,,,900.0,,,-250.0,,,0.0,,,-2.0,1.0,-1.0,1.0,-0.0,,,exact_ward_excess,-7500.0,middle
Mannino,100,nominal,47,5800.0,0.0,,,0.0,,,0.0,,,-4500.0,,,-1000.0,,,5000.0,,,6300.0,,,0.0,,,0.0,,,-1.0,7.0,0.0,1.0,-0.0,,,exact_peak,6300.0,middle
Mannino,100,transfer_bottleneck,7,62961.35999999999,0.0,,,0.0,,,0.0,,,13500.0,,,34000.0,,,0.0,,,4500.0,,,8000.0,,,2961.36,,,34.0,5.0,32.0,-3.0,-0.0,,,exact_blocked,34000.0,big_winner
Mannino,100,transfer_bottleneck,11,41450.0,0.0,,,0.0,,,0.0,,,18000.0,,,5000.0,,,15000.0,,,2700.0,,,750.0,,,0.0,,,5.0,3.0,3.0,-4.0,-0.0,,,exact_violation,18000.0,big_winner
Mannino,100,transfer_bottleneck,19,-7200.0,0.0,,,0.0,,,0.0,,,-9000.0,,,0.0,,,0.0,,,1800.0,,,0.0,,,0.0,,,0.0,2.0,0.0,2.0,-0.0,,,exact_violation,-9000.0,middle
Mannino,100,transfer_bottleneck,23,17500.0,0.0,,,0.0,,,0.0,,,13500.0,,,3000.0,,,0.0,,,0.0,,,1000.0,,,0.0,,,3.0,0.0,4.0,-3.0,-0.0,,,exact_violation,13500.0,middle
Mannino,100,transfer_bottleneck,29,10900.0,0.0,,,0.0,,,0.0,,,0.0,,,0.0,,,10000.0,,,900.0,,,0.0,,,0.0,,,0.0,1.0,0.0,-0.0,-0.0,,,exact_ward_excess,10000.0,middle
Mannino,100,transfer_bottleneck,31,8600.0,0.0,,,0.0,,,0.0,,,0.0,,,0.0,,,5000.0,,,3600.0,,,0.0,,,0.0,,,0.0,4.0,0.0,-0.0,-0.0,,,exact_ward_excess,5000.0,middle
Mannino,100,transfer_bottleneck,37,-27300.0,0.0,,,0.0,,,0.0,,,-22500.0,,,3000.0,,,-12500.0,,,2700.0,,,2000.0,,,0.0,,,3.0,3.0,8.0,5.0,-0.0,,,exact_violation,-22500.0,middle
Mannino,100,transfer_bottleneck,41,2500.0,0.0,,,0.0,,,0.0,,,0.0,,,0.0,,,2500.0,,,0.0,,,0.0,,,0.0,,,0.0,0.0,0.0,-0.0,-0.0,,,exact_ward_excess,2500.0,middle
Mannino,100,transfer_bottleneck,43,-5000.0,0.0,,,0.0,,,0.0,,,0.0,,,0.0,,,-5000.0,,,0.0,,,0.0,,,0.0,,,0.0,0.0,0.0,-0.0,-0.0,,,exact_ward_excess,-5000.0,middle
Mannino,100,transfer_bottleneck,47,2000.0,0.0,,,0.0,,,0.0,,,0.0,,,-8000.0,,,10000.0,,,0.0,,,0.0,,,0.0,,,-8.0,0.0,0.0,-0.0,-0.0,,,exact_ward_excess,10000.0,middle
Mannino,150,nominal,7,23300.0,0.0,,,0.0,,,0.0,,,18000.0,,,-1000.0,,,0.0,,,6300.0,,,0.0,,,0.0,,,-1.0,7.0,0.0,-4.0,-0.0,,,exact_violation,18000.0,middle
Mannino,150,nominal,11,148287.19999999995,0.0,,,0.0,,,0.0,,,121500.0,,,19000.0,,,-17500.0,,,12600.0,,,8250.0,,,4437.2,,,19.0,14.0,33.0,-27.0,-0.0,,,exact_violation,121500.0,middle
Mannino,150,nominal,19,116706.24,0.0,,,0.0,,,0.0,,,90000.0,,,23000.0,,,-12500.0,,,5400.0,,,6500.0,,,4306.24,,,23.0,6.0,26.0,-20.0,-0.0,,,exact_violation,90000.0,middle
Mannino,150,nominal,23,83296.16000000003,0.0,,,0.0,,,0.0,,,99000.0,,,-12000.0,,,-20000.0,,,9900.0,,,2250.0,,,4146.16,,,-12.0,11.0,9.0,-22.0,-0.0,,,exact_violation,99000.0,middle
Mannino,150,nominal,29,5900.0,0.0,,,0.0,,,0.0,,,0.0,,,0.0,,,5000.0,,,900.0,,,0.0,,,0.0,,,0.0,1.0,0.0,-0.0,-0.0,,,exact_ward_excess,5000.0,middle
Mannino,150,nominal,31,-54567.12,0.0,,,0.0,,,0.0,,,-67500.0,,,18000.0,,,-2500.0,,,-3600.0,,,4250.0,,,-3217.12,,,18.0,-4.0,17.0,15.0,-0.0,,,exact_violation,-67500.0,catastrophic_loser
Mannino,150,nominal,37,-10996.319999999949,0.0,,,0.0,,,0.0,,,-27000.0,,,15000.0,,,2500.0,,,-900.0,,,2750.0,,,-3346.32,,,15.0,-1.0,11.0,6.0,-0.0,,,exact_violation,-27000.0,catastrophic_loser
Mannino,150,nominal,41,151425.68000000005,0.0,,,0.0,,,0.0,,,126000.0,,,1000.0,,,15000.0,,,5400.0,,,250.0,,,3775.68,,,1.0,6.0,1.0,-28.0,-0.0,,,exact_violation,126000.0,middle
Mannino,150,nominal,43,126758.64,0.0,,,0.0,,,0.0,,,117000.0,,,-4000.0,,,2500.0,,,8100.0,,,-250.0,,,3408.64,,,-4.0,9.0,-1.0,-26.0,-0.0,,,exact_violation,117000.0,middle
Mannino,150,nominal,47,88917.12,0.0,,,0.0,,,0.0,,,76500.0,,,-1000.0,,,-2500.0,,,12600.0,,,250.0,,,3067.12,,,-1.0,14.0,1.0,-17.0,-0.0,,,exact_violation,76500.0,middle
Mannino,150,transfer_bottleneck,7,79686.40000000002,0.0,,,0.0,,,0.0,,,36000.0,,,31000.0,,,-10000.0,,,11700.0,,,6750.0,,,4236.4,,,31.0,13.0,27.0,-8.0,-0.0,,,exact_violation,36000.0,middle
Mannino,150,transfer_bottleneck,11,238093.92000000004,0.0,,,0.0,,,0.0,,,198000.0,,,40000.0,,,-30000.0,,,16200.0,,,9750.0,,,4143.92,,,40.0,18.0,39.0,-44.0,-0.0,,,exact_violation,198000.0,big_winner
Mannino,150,transfer_bottleneck,19,84800.47999999998,0.0,,,0.0,,,0.0,,,85500.0,,,14000.0,,,-25000.0,,,2700.0,,,4000.0,,,3600.48,,,14.0,3.0,16.0,-19.0,-0.0,,,exact_violation,85500.0,middle
Mannino,150,transfer_bottleneck,23,197487.76,0.0,,,0.0,,,0.0,,,126000.0,,,34000.0,,,7500.0,,,14400.0,,,12000.0,,,3587.76,,,34.0,16.0,48.0,-28.0,-0.0,,,exact_violation,126000.0,middle
Mannino,150,transfer_bottleneck,29,18400.0,0.0,,,0.0,,,0.0,,,0.0,,,0.0,,,17500.0,,,900.0,,,0.0,,,0.0,,,0.0,1.0,0.0,-0.0,-0.0,,,exact_ward_excess,17500.0,middle
Mannino,150,transfer_bottleneck,31,1800.0,0.0,,,0.0,,,0.0,,,0.0,,,0.0,,,0.0,,,1800.0,,,0.0,,,0.0,,,0.0,2.0,0.0,-0.0,-0.0,,,exact_peak,1800.0,middle
Mannino,150,transfer_bottleneck,37,21156.800000000047,0.0,,,0.0,,,0.0,,,18000.0,,,-2000.0,,,-5000.0,,,8100.0,,,-1000.0,,,3056.8,,,-2.0,9.0,-4.0,-4.0,-0.0,,,exact_violation,18000.0,middle
Mannino,150,transfer_bottleneck,41,126525.43999999994,0.0,,,0.0,,,0.0,,,103500.0,,,12000.0,,,-2500.0,,,4500.0,,,5000.0,,,4025.44,,,12.0,5.0,20.0,-23.0,-0.0,,,exact_violation,103500.0,middle
Mannino,150,transfer_bottleneck,43,219160.24,0.0,,,0.0,,,0.0,,,162000.0,,,31000.0,,,5000.0,,,6300.0,,,9750.0,,,5110.24,,,31.0,7.0,39.0,-36.0,-0.0,,,exact_violation,162000.0,big_winner
Mannino,150,transfer_bottleneck,47,101120.88,0.0,,,0.0,,,0.0,,,99000.0,,,2000.0,,,-5000.0,,,0.0,,,1000.0,,,4120.88,,,2.0,0.0,4.0,-22.0,-0.0,,,exact_violation,99000.0,middle
